운영구분,시설명,지역1,지역2,우편번호,주소1,주소2,일반전화,축제행사,운용객실홀수또는수용능력,입실시간,퇴실시간,시설규모,부대시설,취사가능여부,체크인대상,유의사항,시설테마,넓이,객실수,인원수,전망구분,이용요금계산법,현역군무원비수기,현역군무원휴일주말,현역군무원성수기,예비역및기타비수기,예비역및기타휴일주말,예비역및기타성수기,비회원비수기,비회원휴일주말,비회원성수기,적용기준일
국방부,대천콘도1관,충청,충남,355943,충청남도 보령시 갓바위1길,10월 30일,041-932-6305,,가용객실 47실,15:00,11:00,"지하1층,지상5층","충성마트, 노래연습장, 세미나실, 체육시설, PC방, 바비큐장",가능,가족가능(의료보험증 사본 또는 주민등록증 등 가족임을  증명할 수 있는 서류와 가족 신분증 제시),"※ 가족범위 : 회원의 직계 존.비속과 배우자의 직계 존속(회원 직계가족임을 증명할 수 없는 경우 입실 불가)※ 기준인원 초과시 1인당 5,000원 추가비용이 발생됩니다.",바다,148.7㎡(45),2,8,바다전망/양한실(쓰리룸형),,108000,122000,143000,119000,135000,157000,146000,196000,229000,
국방부,대천콘도1관,충청,충남,355943,충청남도 보령시 갓바위1길,10월 30일,041-932-6305,,가용객실 47실,15:00,11:00,"지하1층,지상5층","충성마트, 노래연습장, 세미나실, 체육시설, PC방, 바비큐장",가능,가족가능(의료보험증 사본 또는 주민등록증 등 가족임을  증명할 수 있는 서류와 가족 신분증 제시),"※ 가족범위 : 회원의 직계 존.비속과 배우자의 직계 존속(회원 직계가족임을 증명할 수 없는 경우 입실 불가)※ 기준인원 초과시 1인당 5,000원 추가비용이 발생됩니다.",바다,49.6㎡(양실),4,2,바다전망/양실(원룸형),,42000,61000,74000,46000,67000,82000,57000,98000,119000,
국방부,대천콘도1관,충청,충남,355943,충청남도 보령시 갓바위1길,10월 30일,041-932-6305,,가용객실 47실,15:00,11:00,"지하1층,지상5층","충성마트, 노래연습장, 세미나실, 체육시설, PC방, 바비큐장",가능,가족가능(의료보험증 사본 또는 주민등록증 등 가족임을  증명할 수 있는 서류와 가족 신분증 제시),"※ 가족범위 : 회원의 직계 존.비속과 배우자의 직계 존속(회원 직계가족임을 증명할 수 없는 경우 입실 불가)※ 기준인원 초과시 1인당 5,000원 추가비용이 발생됩니다.",바다,49.6㎡(한실),8,4,바다전망/한실(원룸형),,42000,61000,74000,45000,67000,82000,57000,98000,119000,
국방부,대천콘도1관,충청,충남,355943,충청남도 보령시 갓바위1길,10월 30일,041-932-6305,,가용객실 47실,15:00,11:00,"지하1층,지상5층","충성마트, 노래연습장, 세미나실, 체육시설, PC방, 바비큐장",가능,가족가능(의료보험증 사본 또는 주민등록증 등 가족임을  증명할 수 있는 서류와 가족 신분증 제시),"※ 가족범위 : 회원의 직계 존.비속과 배우자의 직계 존속(회원 직계가족임을 증명할 수 없는 경우 입실 불가)※ 기준인원 초과시 1인당 5,000원 추가비용이 발생됩니다.",바다,66.1㎡(20),4,4,바다비전망/양한실(투룸형),,54000,71000,90000,59000,79000,99000,73000,114000,144000,
국방부,대천콘도1관,충청,충남,355943,충청남도 보령시 갓바위1길,10월 30일,041-932-6305,,가용객실 47실,15:00,11:00,"지하1층,지상5층","충성마트, 노래연습장, 세미나실, 체육시설, PC방, 바비큐장",가능,가족가능(의료보험증 사본 또는 주민등록증 등 가족임을  증명할 수 있는 서류와 가족 신분증 제시),"※ 가족범위 : 회원의 직계 존.비속과 배우자의 직계 존속(회원 직계가족임을 증명할 수 없는 경우 입실 불가)※ 기준인원 초과시 1인당 5,000원 추가비용이 발생됩니다.",바다,72.7㎡(22),29,6,바다전망/양한실(투룸형),,60000,77000,95000,66000,84000,105000,81000,122000,153000,
국방부,대천콘도2관,충청,충남,355-944,충남 보령시 남포방조제로,139,041-934-0504,,38객실,15:00,11:00,"지하1층, 지상4층","세미나실, 공동취사장,휴게실,회의실, 트램폴린",가능,가족가능(의료보험증 사본 또는 주민등록증 등 가족임을  증명할 수 있는 서류와 가족 신분증 제시),"※ 가족범위 : 회원의 직계 존.비속과 배우자의 직계 존속(회원 직계가족임을 증명할 수 없는 경우 입실 불가)※ 기준인원 초과시 1인당 5,000원 추가비용이 발생됩니다.",바다,105.8㎡(32),5,7,바다비전망(베란다없음),,66000,77000,95000,73000,84000,105000,89000,122000,152000,
국방부,대천콘도2관,충청,충남,355-944,충남 보령시 남포방조제로,139,041-934-0504,,38객실,15:00,11:00,"지하1층, 지상4층","세미나실, 공동취사장,휴게실,회의실, 트램폴린",가능,가족가능(의료보험증 사본 또는 주민등록증 등 가족임을  증명할 수 있는 서류와 가족 신분증 제시),"※ 가족범위 : 회원의 직계 존.비속과 배우자의 직계 존속(회원 직계가족임을 증명할 수 없는 경우 입실 불가)※ 기준인원 초과시 1인당 5,000원 추가비용이 발생됩니다.",바다,125.6㎡(38),2,7,바다비전망(베란다없음),,78000,87000,106000,86000,95000,117000,105000,139000,170000,
국방부,대천콘도2관,충청,충남,355-944,충남 보령시 남포방조제로,139,041-934-0504,,38객실,15:00,11:00,"지하1층, 지상4층","세미나실, 공동취사장,휴게실,회의실, 트램폴린",가능,가족가능(의료보험증 사본 또는 주민등록증 등 가족임을  증명할 수 있는 서류와 가족 신분증 제시),"※ 가족범위 : 회원의 직계 존.비속과 배우자의 직계 존속(회원 직계가족임을 증명할 수 없는 경우 입실 불가)※ 기준인원 초과시 1인당 5,000원 추가비용이 발생됩니다.",바다,42.9㎡(13),7,4,바다비전망(베란다없음),,30000,41000,53000,33000,45000,58000,41000,65000,85000,
국방부,대천콘도2관,충청,충남,355-944,충남 보령시 남포방조제로,139,041-934-0504,,38객실,15:00,11:00,"지하1층, 지상4층","세미나실, 공동취사장,휴게실,회의실, 트램폴린",가능,가족가능(의료보험증 사본 또는 주민등록증 등 가족임을  증명할 수 있는 서류와 가족 신분증 제시),"※ 가족범위 : 회원의 직계 존.비속과 배우자의 직계 존속(회원 직계가족임을 증명할 수 없는 경우 입실 불가)※ 기준인원 초과시 1인당 5,000원 추가비용이 발생됩니다.",바다,59.5㎡(18),10,4,바다비전망(베란다없음),,36000,46000,64000,40000,50000,70000,49000,73000,102000,
국방부,대천콘도2관,충청,충남,355-944,충남 보령시 남포방조제로,139,041-934-0504,,38객실,15:00,11:00,"지하1층, 지상4층","세미나실, 공동취사장,휴게실,회의실, 트램폴린",가능,가족가능(의료보험증 사본 또는 주민등록증 등 가족임을  증명할 수 있는 서류와 가족 신분증 제시),"※ 가족범위 : 회원의 직계 존.비속과 배우자의 직계 존속(회원 직계가족임을 증명할 수 없는 경우 입실 불가)※ 기준인원 초과시 1인당 5,000원 추가비용이 발생됩니다.",바다,72.7㎡(22),3,5,"바다비전망(베란다없음,양실방1개, 거실겸부엌,화장실겸샤워장)",,48000,61000,74000,53000,67000,82000,65000,98000,119000,
국방부,대천콘도2관,충청,충남,355-944,충남 보령시 남포방조제로,139,041-934-0504,,38객실,15:00,11:00,"지하1층, 지상4층","세미나실, 공동취사장,휴게실,회의실, 트램폴린",가능,가족가능(의료보험증 사본 또는 주민등록증 등 가족임을  증명할 수 있는 서류와 가족 신분증 제시),"※ 가족범위 : 회원의 직계 존.비속과 배우자의 직계 존속(회원 직계가족임을 증명할 수 없는 경우 입실 불가)※ 기준인원 초과시 1인당 5,000원 추가비용이 발생됩니다.",바다,85.9㎡(26),11,5,바다비전망(베란다없음),,54000,66000,85000,59000,73000,93000,73000,106000,136000,
국방부,서귀포호텔,제주,제주,697-301,제주특별자치도 서귀포시 상예로,319,064-738-0123,,64객실,15:00,11:00,"지하2층,지상7층","사우나,식당,편의점,PC방,키즈존",불가능,가족가능(의료보험증 사본 또는 주민등록증 등 가족임을  증명할 수 있는 서류와 가족 신분증 제시),"※ 가족범위 : 회원의 직계 존.비속과 배우자의 직계 존속(회원 직계가족임을 증명할 수 없는 경우 입실 불가)※ 기준인원 초과시 1인당 5,000원 추가비용이 발생됩니다.","산,바다,레저스포츠",119.0㎡(36),2,6,"투룸형(양실1,한실1,욕실2)",,110000,120000,130000,121000,132000,143000,182000,198000,215000,
국방부,서귀포호텔,제주,제주,697-301,제주특별자치도 서귀포시 상예로,319,064-738-0123,,64객실,15:00,11:00,"지하2층,지상7층","사우나,식당,편의점,PC방,키즈존",불가능,가족가능(의료보험증 사본 또는 주민등록증 등 가족임을  증명할 수 있는 서류와 가족 신분증 제시),"※ 가족범위 : 회원의 직계 존.비속과 배우자의 직계 존속(회원 직계가족임을 증명할 수 없는 경우 입실 불가)※ 기준인원 초과시 1인당 5,000원 추가비용이 발생됩니다.","산,바다,레저스포츠",196㎡(59평),1,8,"콘도형(양실2, 한실1, 거실, 욕실2)",,180300,196600,213000,198300,216300,234300,297500,324400,351500,
국방부,서귀포호텔,제주,제주,697-301,제주특별자치도 서귀포시 상예로,319,064-738-0123,,64객실,15:00,11:00,"지하2층,지상7층","사우나,식당,편의점,PC방,키즈존",불가능,가족가능(의료보험증 사본 또는 주민등록증 등 가족임을  증명할 수 있는 서류와 가족 신분증 제시),"※ 가족범위 : 회원의 직계 존.비속과 배우자의 직계 존속(회원 직계가족임을 증명할 수 없는 경우 입실 불가)※ 기준인원 초과시 1인당 5,000원 추가비용이 발생됩니다.","산,바다,레저스포츠",39.7㎡(12평 양실),38,2,"원룸형(양실1,욕실1)",,40000,50000,60000,44000,55000,66000,66000,83000,99000,
국방부,서귀포호텔,제주,제주,697-301,제주특별자치도 서귀포시 상예로,319,064-738-0123,,64객실,15:00,11:00,"지하2층,지상7층","사우나,식당,편의점,PC방,키즈존",불가능,가족가능(의료보험증 사본 또는 주민등록증 등 가족임을  증명할 수 있는 서류와 가족 신분증 제시),"※ 가족범위 : 회원의 직계 존.비속과 배우자의 직계 존속(회원 직계가족임을 증명할 수 없는 경우 입실 불가)※ 기준인원 초과시 1인당 5,000원 추가비용이 발생됩니다.","산,바다,레저스포츠",39.7㎡(12평 한실),10,2,"원룸형(한실1,욕실1)",,40000,50000,60000,44000,55000,66000,66000,83000,99000,
국방부,서귀포호텔,제주,제주,697-301,제주특별자치도 서귀포시 상예로,319,064-738-0123,,64객실,15:00,11:00,"지하2층,지상7층","사우나,식당,편의점,PC방,키즈존",불가능,가족가능(의료보험증 사본 또는 주민등록증 등 가족임을  증명할 수 있는 서류와 가족 신분증 제시),"※ 가족범위 : 회원의 직계 존.비속과 배우자의 직계 존속(회원 직계가족임을 증명할 수 없는 경우 입실 불가)※ 기준인원 초과시 1인당 5,000원 추가비용이 발생됩니다.","산,바다,레저스포츠",66.1㎡(20),7,4,원룸형/투룸형,,60000,70000,80000,66000,77000,88000,99000,116000,132000,
국방부,서귀포호텔,제주,제주,697-301,제주특별자치도 서귀포시 상예로,319,064-738-0123,,64객실,15:00,11:00,"지하2층,지상7층","사우나,식당,편의점,PC방,키즈존",불가능,가족가능(의료보험증 사본 또는 주민등록증 등 가족임을  증명할 수 있는 서류와 가족 신분증 제시),"※ 가족범위 : 회원의 직계 존.비속과 배우자의 직계 존속(회원 직계가족임을 증명할 수 없는 경우 입실 불가)※ 기준인원 초과시 1인당 5,000원 추가비용이 발생됩니다.","산,바다,레저스포츠",82.6㎡(25),7,4,"투룸형(양실1,한실1,욕실2)",,75000,90000,105000,83000,99000,112000,124000,149000,173000,
국방부,송정콘도,강원,강원,210140,강원도 강릉시 창해로,141,033-652-7571,,"가용객실41실, 게스트하우스 7실(단체 7실)",15:00,11:00,"본관 지상3층, 별관 지상2층, 부대시설","PC방, 충성마트, 바비큐장",콘도형만가능,가족가능(의료보험증 사본 또는 주민등록증 등 가족임을  증명할 수 있는 서류와 가족 신분증 제시),"※ 가족범위 : 회원의 직계 존.비속과 배우자의 직계 존속(회원 직계가족임을 증명할 수 없는 경우 입실 불가)※ 기준인원 초과시 1인당 5,000원 추가비용이 발생됩니다.",바다,105.8(32평형),2,6,(32평형),,92000,116000,143000,101000,127000,157000,124000,185000,228000,
국방부,송정콘도,강원,강원,210140,강원도 강릉시 창해로,141,033-652-7571,,"가용객실41실, 게스트하우스 7실(단체 7실)",15:00,11:00,"본관 지상3층, 별관 지상2층, 부대시설","PC방, 충성마트, 바비큐장",콘도형만가능,가족가능(의료보험증 사본 또는 주민등록증 등 가족임을  증명할 수 있는 서류와 가족 신분증 제시),"※ 가족범위 : 회원의 직계 존.비속과 배우자의 직계 존속(회원 직계가족임을 증명할 수 없는 경우 입실 불가)※ 기준인원 초과시 1인당 5,000원 추가비용이 발생됩니다.",바다,125.6(38평형),2,8,(38평형),,105000,132000,165000,115000,145000,182000,141000,211000,264000,
국방부,송정콘도,강원,강원,210140,강원도 강릉시 창해로,141,033-652-7571,,"가용객실41실, 게스트하우스 7실(단체 7실)",15:00,11:00,"본관 지상3층, 별관 지상2층, 부대시설","PC방, 충성마트, 바비큐장",콘도형만가능,가족가능(의료보험증 사본 또는 주민등록증 등 가족임을  증명할 수 있는 서류와 가족 신분증 제시),"※ 가족범위 : 회원의 직계 존.비속과 배우자의 직계 존속(회원 직계가족임을 증명할 수 없는 경우 입실 불가)※ 기준인원 초과시 1인당 5,000원 추가비용이 발생됩니다.",바다,42.9(13평형),14,2,원룸(호텔),,46000,61000,74000,50000,67000,82000,62000,97000,119000,
국방부,송정콘도,강원,강원,210140,강원도 강릉시 창해로,141,033-652-7571,,"가용객실41실, 게스트하우스 7실(단체 7실)",15:00,11:00,"본관 지상3층, 별관 지상2층, 부대시설","PC방, 충성마트, 바비큐장",콘도형만가능,가족가능(의료보험증 사본 또는 주민등록증 등 가족임을  증명할 수 있는 서류와 가족 신분증 제시),"※ 가족범위 : 회원의 직계 존.비속과 배우자의 직계 존속(회원 직계가족임을 증명할 수 없는 경우 입실 불가)※ 기준인원 초과시 1인당 5,000원 추가비용이 발생됩니다.",바다,42.9(13평형),14,3,원룸(한실),,46000,61000,74000,50000,67000,82000,62000,97000,119000,
국방부,송정콘도,강원,강원,210140,강원도 강릉시 창해로,141,033-652-7571,,"가용객실41실, 게스트하우스 7실(단체 7실)",15:00,11:00,"본관 지상3층, 별관 지상2층, 부대시설","PC방, 충성마트, 바비큐장",콘도형만가능,가족가능(의료보험증 사본 또는 주민등록증 등 가족임을  증명할 수 있는 서류와 가족 신분증 제시),"※ 가족범위 : 회원의 직계 존.비속과 배우자의 직계 존속(회원 직계가족임을 증명할 수 없는 경우 입실 불가)※ 기준인원 초과시 1인당 5,000원 추가비용이 발생됩니다.",바다,59.5(18평형원룸),5,4,원룸/별관 콘도형,,59000,77000,91000,65000,85000,100000,80000,123000,146000,
국방부,송정콘도,강원,강원,210140,강원도 강릉시 창해로,141,033-652-7571,,"가용객실41실, 게스트하우스 7실(단체 7실)",15:00,11:00,"본관 지상3층, 별관 지상2층, 부대시설","PC방, 충성마트, 바비큐장",콘도형만가능,가족가능(의료보험증 사본 또는 주민등록증 등 가족임을  증명할 수 있는 서류와 가족 신분증 제시),"※ 가족범위 : 회원의 직계 존.비속과 배우자의 직계 존속(회원 직계가족임을 증명할 수 없는 경우 입실 불가)※ 기준인원 초과시 1인당 5,000원 추가비용이 발생됩니다.",바다,85.9(26평형),4,5,(26평형),,79000,99000,125000,86000,109000,138000,106000,158000,201000,
국방부,송정콘도,강원,강원,210140,강원도 강릉시 창해로,141,033-652-7571,,"가용객실41실, 게스트하우스 7실(단체 7실)",15:00,11:00,"본관 지상3층, 별관 지상2층, 부대시설","PC방, 충성마트, 바비큐장",콘도형만가능,가족가능(의료보험증 사본 또는 주민등록증 등 가족임을  증명할 수 있는 서류와 가족 신분증 제시),"※ 가족범위 : 회원의 직계 존.비속과 배우자의 직계 존속(회원 직계가족임을 증명할 수 없는 경우 입실 불가)※ 기준인원 초과시 1인당 5,000원 추가비용이 발생됩니다.",바다,"단체(8인,한실)",3,8,"G/H, 8인단체, 한실",,50000,70000,80000,55000,77000,88000,75000,116000,132000,
국방부,송정콘도,강원,강원,210140,강원도 강릉시 창해로,141,033-652-7571,,"가용객실41실, 게스트하우스 7실(단체 7실)",15:00,11:00,"본관 지상3층, 별관 지상2층, 부대시설","PC방, 충성마트, 바비큐장",콘도형만가능,가족가능(의료보험증 사본 또는 주민등록증 등 가족임을  증명할 수 있는 서류와 가족 신분증 제시),"※ 가족범위 : 회원의 직계 존.비속과 배우자의 직계 존속(회원 직계가족임을 증명할 수 없는 경우 입실 불가)※ 기준인원 초과시 1인당 5,000원 추가비용이 발생됩니다.",바다,"단체(게스트 6인,한실)",2,6,"G/H, 6인단체, 한실",,40000,55000,60000,44000,61000,66000,65000,100000,120000,
국방부,송정콘도,강원,강원,210140,강원도 강릉시 창해로,141,033-652-7571,,"가용객실41실, 게스트하우스 7실(단체 7실)",15:00,11:00,"본관 지상3층, 별관 지상2층, 부대시설","PC방, 충성마트, 바비큐장",콘도형만가능,가족가능(의료보험증 사본 또는 주민등록증 등 가족임을  증명할 수 있는 서류와 가족 신분증 제시),"※ 가족범위 : 회원의 직계 존.비속과 배우자의 직계 존속(회원 직계가족임을 증명할 수 없는 경우 입실 불가)※ 기준인원 초과시 1인당 5,000원 추가비용이 발생됩니다.",바다,단체실(3인),2,3,"G/H, 3인단체, 한실",,24000,33000,45000,27000,36000,51000,33000,45000,75000,
국방부,청간정카라반,강원,강원,219-830,강원도 토성군,토성면 중앙로 644-22,02-2027-4745,,15,,,,,,,"*청간정콘도 앞 해변 수영금지* 브레이크타임(24:00~ 다음날 05:00) 적용, 추가 비품 필요시 24:00이전 요청 바랍니다.",,4인용,13,4,,,60000,90000,110000,60000,90000,110000,120000,180000,220000,
국방부,청간정카라반,강원,강원,219-830,강원도 토성군,토성면 중앙로 644-22,02-2027-4745,,15,,,,,,,"*청간정콘도 앞 해변 수영금지* 브레이크타임(24:00~ 다음날 05:00) 적용, 추가 비품 필요시 24:00이전 요청 바랍니다.",,6인용,2,6,,,70000,100000,120000,70000,100000,120000,140000,200000,240000,
국방부,청간정콘도,강원,강원,219832,강원도 고성군 토성면 중앙로,642-22,033-631-9331,,가용객실 38실,15:00,11:00,"지하1층,지상6층","노래방, 식당, 커피숍, 충성마트, 바비큐장",가능,가족가능(의료보험증 사본 또는 주민등록증 등 가족임을  증명할 수 있는 서류와 가족 신분증 제시),"※ 가족범위 : 회원의 직계 존.비속과 배우자의 직계 존속(회원 직계가족임을 증명할 수 없는 경우 입실 불가)※ 기준인원 초과시 1인당 5,000원 추가비용이 발생됩니다.","산,바다",125.6㎡(38),5,8,"측면바다(한실1,양실1,욕실2)",,101000,114000,131000,111000,125000,143000,136000,182000,209000,
국방부,청간정콘도,강원,강원,219832,강원도 고성군 토성면 중앙로,642-22,033-631-9331,,가용객실 38실,15:00,11:00,"지하1층,지상6층","노래방, 식당, 커피숍, 충성마트, 바비큐장",가능,가족가능(의료보험증 사본 또는 주민등록증 등 가족임을  증명할 수 있는 서류와 가족 신분증 제시),"※ 가족범위 : 회원의 직계 존.비속과 배우자의 직계 존속(회원 직계가족임을 증명할 수 없는 경우 입실 불가)※ 기준인원 초과시 1인당 5,000원 추가비용이 발생됩니다.","산,바다",158.7㎡(48),1,10,"설악산(한실1,양실2,욕실2)",,113000,137000,155000,125000,150000,170000,153000,219000,248000,
국방부,청간정콘도,강원,강원,219832,강원도 고성군 토성면 중앙로,642-22,033-631-9331,,가용객실 38실,15:00,11:00,"지하1층,지상6층","노래방, 식당, 커피숍, 충성마트, 바비큐장",가능,가족가능(의료보험증 사본 또는 주민등록증 등 가족임을  증명할 수 있는 서류와 가족 신분증 제시),"※ 가족범위 : 회원의 직계 존.비속과 배우자의 직계 존속(회원 직계가족임을 증명할 수 없는 경우 입실 불가)※ 기준인원 초과시 1인당 5,000원 추가비용이 발생됩니다.","산,바다",158.7㎡(바다),1,10,"바다(한실1,양실2,욕실2)",,126000,148000,167000,139000,163000,183000,170000,237000,267000,
국방부,청간정콘도,강원,강원,219832,강원도 고성군 토성면 중앙로,642-22,033-631-9331,,가용객실 38실,15:00,11:00,"지하1층,지상6층","노래방, 식당, 커피숍, 충성마트, 바비큐장",가능,가족가능(의료보험증 사본 또는 주민등록증 등 가족임을  증명할 수 있는 서류와 가족 신분증 제시),"※ 가족범위 : 회원의 직계 존.비속과 배우자의 직계 존속(회원 직계가족임을 증명할 수 없는 경우 입실 불가)※ 기준인원 초과시 1인당 5,000원 추가비용이 발생됩니다.","산,바다",39.7㎡(12),4,3,"바다(원룸형,욕실1)",,38000,57000,71000,42000,63000,79000,51000,91000,114000,
국방부,청간정콘도,강원,강원,219832,강원도 고성군 토성면 중앙로,642-22,033-631-9331,,가용객실 38실,15:00,11:00,"지하1층,지상6층","노래방, 식당, 커피숍, 충성마트, 바비큐장",가능,가족가능(의료보험증 사본 또는 주민등록증 등 가족임을  증명할 수 있는 서류와 가족 신분증 제시),"※ 가족범위 : 회원의 직계 존.비속과 배우자의 직계 존속(회원 직계가족임을 증명할 수 없는 경우 입실 불가)※ 기준인원 초과시 1인당 5,000원 추가비용이 발생됩니다.","산,바다",66.1㎡(20),1,4,"설악산(양실1,욕실1)",,57000,74000,95000,62000,82000,105000,77000,119000,152000,
국방부,청간정콘도,강원,강원,219832,강원도 고성군 토성면 중앙로,642-22,033-631-9331,,가용객실 38실,15:00,11:00,"지하1층,지상6층","노래방, 식당, 커피숍, 충성마트, 바비큐장",가능,가족가능(의료보험증 사본 또는 주민등록증 등 가족임을  증명할 수 있는 서류와 가족 신분증 제시),"※ 가족범위 : 회원의 직계 존.비속과 배우자의 직계 존속(회원 직계가족임을 증명할 수 없는 경우 입실 불가)※ 기준인원 초과시 1인당 5,000원 추가비용이 발생됩니다.","산,바다",72.7㎡(22),4,4,"측면바다(양실1,욕실1)",,60000,80000,101000,67000,88000,111000,82000,128000,162000,
국방부,청간정콘도,강원,강원,219832,강원도 고성군 토성면 중앙로,642-22,033-631-9331,,가용객실 38실,15:00,11:00,"지하1층,지상6층","노래방, 식당, 커피숍, 충성마트, 바비큐장",가능,가족가능(의료보험증 사본 또는 주민등록증 등 가족임을  증명할 수 있는 서류와 가족 신분증 제시),"※ 가족범위 : 회원의 직계 존.비속과 배우자의 직계 존속(회원 직계가족임을 증명할 수 없는 경우 입실 불가)※ 기준인원 초과시 1인당 5,000원 추가비용이 발생됩니다.","산,바다",79.3㎡(24),14,6,"설악산(한실1,양실1,욕실1)",,63000,86000,107000,69000,94000,118000,85000,137000,171000,
국방부,청간정콘도,강원,강원,219832,강원도 고성군 토성면 중앙로,642-22,033-631-9331,,가용객실 38실,15:00,11:00,"지하1층,지상6층","노래방, 식당, 커피숍, 충성마트, 바비큐장",가능,가족가능(의료보험증 사본 또는 주민등록증 등 가족임을  증명할 수 있는 서류와 가족 신분증 제시),"※ 가족범위 : 회원의 직계 존.비속과 배우자의 직계 존속(회원 직계가족임을 증명할 수 없는 경우 입실 불가)※ 기준인원 초과시 1인당 5,000원 추가비용이 발생됩니다.","산,바다",79.3㎡(바다),8,6,"바다(한실1,양실1,욕실1)",,69000,91000,113000,76000,100000,124000,94000,146000,181000,
국방부,화진포콘도,강원,강원,219904,강원도 고성군 거진읍 화진포길,330,033-682-0500,,"본관(34객실),별관(21객실)",15:00,11:00,"지하1층, 지상4층, 별관1동","식당, 충성마트, 바비큐장, 야영장(여름성수기)",가능,가족가능(의료보험증 사본 또는 주민등록증 등 가족임을  증명할 수 있는 서류와 가족 신분증 제시),"※ 가족범위 : 회원의 직계 존.비속과 배우자의 직계 존속(회원 직계가족임을 증명할 수 없는 경우 입실 불가)※ 기준인원 초과시 1인당 5,000원 추가비용이 발생됩니다.","산,바다",109.1㎡(33),1,7,바다전망/투룸형(양한실),,85000,97000,114000,94000,107000,126000,115000,156000,183000,
국방부,화진포콘도,강원,강원,219904,강원도 고성군 거진읍 화진포길,330,033-682-0500,,"본관(34객실),별관(21객실)",15:00,11:00,"지하1층, 지상4층, 별관1동","식당, 충성마트, 바비큐장, 야영장(여름성수기)",가능,가족가능(의료보험증 사본 또는 주민등록증 등 가족임을  증명할 수 있는 서류와 가족 신분증 제시),"※ 가족범위 : 회원의 직계 존.비속과 배우자의 직계 존속(회원 직계가족임을 증명할 수 없는 경우 입실 불가)※ 기준인원 초과시 1인당 5,000원 추가비용이 발생됩니다.","산,바다",138.8㎡(42),1,8,바다전망/쓰리룸형(양한실),,91000,119000,125000,101000,131000,137000,124000,190000,200000,
국방부,화진포콘도,강원,강원,219904,강원도 고성군 거진읍 화진포길,330,033-682-0500,,"본관(34객실),별관(21객실)",15:00,11:00,"지하1층, 지상4층, 별관1동","식당, 충성마트, 바비큐장, 야영장(여름성수기)",가능,가족가능(의료보험증 사본 또는 주민등록증 등 가족임을  증명할 수 있는 서류와 가족 신분증 제시),"※ 가족범위 : 회원의 직계 존.비속과 배우자의 직계 존속(회원 직계가족임을 증명할 수 없는 경우 입실 불가)※ 기준인원 초과시 1인당 5,000원 추가비용이 발생됩니다.","산,바다",14.9㎡(4.5),16,2,(별관2인기준),,20000,35000,40000,22000,39000,44000,25000,58000,66000,
국방부,화진포콘도,강원,강원,219904,강원도 고성군 거진읍 화진포길,330,033-682-0500,,"본관(34객실),별관(21객실)",15:00,11:00,"지하1층, 지상4층, 별관1동","식당, 충성마트, 바비큐장, 야영장(여름성수기)",가능,가족가능(의료보험증 사본 또는 주민등록증 등 가족임을  증명할 수 있는 서류와 가족 신분증 제시),"※ 가족범위 : 회원의 직계 존.비속과 배우자의 직계 존속(회원 직계가족임을 증명할 수 없는 경우 입실 불가)※ 기준인원 초과시 1인당 5,000원 추가비용이 발생됩니다.","산,바다",18.2㎡(5.5),5,3,(별관3인기준),,25000,40000,50000,28000,44000,55000,31000,66000,83000,
국방부,화진포콘도,강원,강원,219904,강원도 고성군 거진읍 화진포길,330,033-682-0500,,"본관(34객실),별관(21객실)",15:00,11:00,"지하1층, 지상4층, 별관1동","식당, 충성마트, 바비큐장, 야영장(여름성수기)",가능,가족가능(의료보험증 사본 또는 주민등록증 등 가족임을  증명할 수 있는 서류와 가족 신분증 제시),"※ 가족범위 : 회원의 직계 존.비속과 배우자의 직계 존속(회원 직계가족임을 증명할 수 없는 경우 입실 불가)※ 기준인원 초과시 1인당 5,000원 추가비용이 발생됩니다.","산,바다",66.1㎡(20),10,4,"바다전망/원룸형(양실,한실)",,59000,76000,94000,65000,83000,103000,80000,121000,150000,
국방부,화진포콘도,강원,강원,219904,강원도 고성군 거진읍 화진포길,330,033-682-0500,,"본관(34객실),별관(21객실)",15:00,11:00,"지하1층, 지상4층, 별관1동","식당, 충성마트, 바비큐장, 야영장(여름성수기)",가능,가족가능(의료보험증 사본 또는 주민등록증 등 가족임을  증명할 수 있는 서류와 가족 신분증 제시),"※ 가족범위 : 회원의 직계 존.비속과 배우자의 직계 존속(회원 직계가족임을 증명할 수 없는 경우 입실 불가)※ 기준인원 초과시 1인당 5,000원 추가비용이 발생됩니다.","산,바다",66.1㎡(20),15,4,"비전망/원룸형(양실,한실)",,52000,70000,88000,58000,77000,97000,71000,112000,141000,
국방부,화진포콘도,강원,강원,219904,강원도 고성군 거진읍 화진포길,330,033-682-0500,,"본관(34객실),별관(21객실)",15:00,11:00,"지하1층, 지상4층, 별관1동","식당, 충성마트, 바비큐장, 야영장(여름성수기)",가능,가족가능(의료보험증 사본 또는 주민등록증 등 가족임을  증명할 수 있는 서류와 가족 신분증 제시),"※ 가족범위 : 회원의 직계 존.비속과 배우자의 직계 존속(회원 직계가족임을 증명할 수 없는 경우 입실 불가)※ 기준인원 초과시 1인당 5,000원 추가비용이 발생됩니다.","산,바다",82.6㎡(25),7,6,바다전망/투룸형(양한실),,72000,86000,104000,79000,95000,114000,97000,138000,166000,
기타,금호 설악,강원,강원,217-070,강원도 속초시 노학동 사당골길,43,033-636-8000,www.kumhoresort.co.kr,"5인/ 방 2, 화장실1, 거실",1500,1100,,,가능,가족가능(의료보험증 사본 또는 주민등록증 등 가족임을  증명할 수 있는 서류와 가족 신분증 제시),,"산,세미나",92.5㎡(스위트디럭스),5,2,,선입금,78000,127000,136000,,,,,,,
기타,금호 제주,제주,제주,699-941,제주도 서귀포시 남원읍 남원리,Jan-84,064-766-8000,www.kumhoresort.co.kr,"5인/ 방 2, 화장실 1, 거실",1500,1100,,Y,가능,가족가능(의료보험증 사본 또는 주민등록증 등 가족임을  증명할 수 있는 서류와 가족 신분증 제시),,"워터파크,세미나",89㎡,5,2,,선입금,119000,144000,158000,,,,,,,
기타,금호 통영,경상,경남,650-600,경남 통영시 도남2동,645,055-643-8000,www.kumhoresort.co.kr,"5인/ 방 2, 화장실 1, 거실",1500,1100,,,가능,가족가능(의료보험증 사본 또는 주민등록증 등 가족임을  증명할 수 있는 서류와 가족 신분증 제시),,"바다,레저스포츠,세미나,웨딩",91.7㎡(디럭스),5,2,,선입금,127000,163000,174000,,,,,,,
기타,금호 화순,전라,전남,519-922,전남 화순군 북면 옥리,510-1,061-372-8000,www.kumhoresort.co.kr,"5인/ 방 2, 화장실 1, 거실",1500,1100,,,가능,가족가능(의료보험증 사본 또는 주민등록증 등 가족임을  증명할 수 있는 서류와 가족 신분증 제시),,"워터파크,스파,세미나,웨딩",91.8㎡,5,2,,선입금,75000,97000,109000,,,,,,,
기타,리솜 레스트리(제천),충청,충북,390882,충청북도 제천시 백운면 금봉로,365,043-649-6000,www.kumhoresort.co.kr,"5인/ 방 2, 화장실 2, 거실",1500,1100,250객실,"스파, 루프트탑, 키즈존 등",불가,가족가능(의료보험증 사본 또는 주민등록증 등 가족임을  증명할 수 있는 서류와 가족 신분증 제시),가족관계증명서 확인후  체크인 가능,"산,골프,세미나,웨딩",57.39㎡-호텔(28평형),,5,산,현지불,162900,197100,206100,,,,,,,
기타,리솜 스플라스(덕산),충청,충남,340-920,충남 예산군 덕산면 사동리,361,041-330-8000,http://www.resom.co.kr/restree/main/main.asp,"5인/ 거실겸 침실, 온돌1",1500,1100,1100,http://www.resom.co.kr/spa/main/main.asp,가능,가족가능(의료보험증 사본 또는 주민등록증 등 가족임을  증명할 수 있는 서류와 가족 신분증 제시),"해당시설은 직계가족까지 체크인 입실 가능함(단 가족관계증명서 확인후). 성수기요금은 극성수기요금이며, 시즌별 세부요금은  이용요금 참조","워터파크,스파,세미나,웨딩","36.7㎡-콘도,18평형",,1,,현지불,81900,108000,108000,,,,,,,
기타,리솜 스플라스(덕산),충청,충남,340-920,충남 예산군 덕산면 사동리,361,041-330-8000,http://www.resom.co.kr/restree/main/main.asp,"5인/ 거실겸 침실, 온돌1",1500,1100,1100,http://www.resom.co.kr/spa/main/main.asp,가능,가족가능(의료보험증 사본 또는 주민등록증 등 가족임을  증명할 수 있는 서류와 가족 신분증 제시),"해당시설은 직계가족까지 체크인 입실 가능함(단 가족관계증명서 확인후). 성수기요금은 극성수기요금이며, 시즌별 세부요금은  이용요금 참조","워터파크,스파,세미나,웨딩","42.47㎡-콘도,23평형",,1,,현지불,112500,144900,144900,,,,,,,
기타,리솜 스플라스(덕산),충청,충남,340-920,충남 예산군 덕산면 사동리,361,041-330-8000,http://www.resom.co.kr/restree/main/main.asp,"5인/ 거실겸 침실, 온돌1",1500,1100,1100,http://www.resom.co.kr/spa/main/main.asp,가능,가족가능(의료보험증 사본 또는 주민등록증 등 가족임을  증명할 수 있는 서류와 가족 신분증 제시),"해당시설은 직계가족까지 체크인 입실 가능함(단 가족관계증명서 확인후). 성수기요금은 극성수기요금이며, 시즌별 세부요금은  이용요금 참조","워터파크,스파,세미나,웨딩","49.12㎡-콘도,27평형",,2,,현지불,124200,162000,162000,,,,,,,
기타,리솜 아일랜드(안면도),충청,충남,357962,충청남도 태안군 안면읍 꽃지해안로 ,204,041-671-7000,http://www.resom.co.kr/island/main/main.asp,5인/클린형/더블베드+온돌1,1500,1100,,"스파, 워터파크, 식당, 키즈존 등",불가,가족가능(의료보험증 사본 또는 주민등록증 등 가족임을  증명할 수 있는 서류와 가족 신분증 제시),가족관계증명 확인후 입실 가능,"바다,워터파크,스파,레저스포츠,세미나,웨딩",36.72㎡-클린형(18평형),,4,오션,현지불,95400,134100,143100,,,,,,,
기타,리솜 아일랜드(안면도),충청,충남,357962,충청남도 태안군 안면읍 꽃지해안로,204,041-671-7000,http://www.resom.co.kr/island/main/main.asp,5인/클린형/더블베드+온돌1,1500,1100,,"스파, 워터파크, 식당, 키즈존 등",불가,가족가능(의료보험증 사본 또는 주민등록증 등 가족임을  증명할 수 있는 서류와 가족 신분증 제시),가족관계증명 확인후 입실 가능,"바다,워터파크,스파,레저스포츠,세미나,웨딩",36.72㎡_콘도형(18평형),,4,일반,현지불,86400,125100,134100,,,,,,,
기타,리솜 아일랜드(안면도),충청,충남,357962,충청남도 태안군 안면읍 꽃지해안로 ,204,041-671-7000,http://www.resom.co.kr/island/main/main.asp,5인/클린형/더블베드+온돌1,1500,1100,,"스파, 워터파크, 식당, 키즈존 등",불가,가족가능(의료보험증 사본 또는 주민등록증 등 가족임을  증명할 수 있는 서류와 가족 신분증 제시),가족관계증명 확인후 입실 가능,"바다,워터파크,스파,레저스포츠,세미나,웨딩",57.39㎡-콘도형(28평형),,5,일반,현지불,144900,179100,188100,,,,,,,
기타,리솜 아일랜드(안면도),충청,충남,357962,충청남도 태안군 안면읍 꽃지해안로,204,041-671-7000,http://www.resom.co.kr/island/main/main.asp,5인/클린형/더블베드+온돌1,1500,1100,,"스파, 워터파크, 식당, 키즈존 등",불가,가족가능(의료보험증 사본 또는 주민등록증 등 가족임을  증명할 수 있는 서류와 가족 신분증 제시),가족관계증명 확인후 입실 가능,"바다,워터파크,스파,레저스포츠,세미나,웨딩",57.39㎡-클린형(28평형),,5,오션,현지불,153900,188100,197100,,,,,,,
기타,리솜 포레스트(제천),충청,충북,390882,충청북도 제천시 백운면 금봉로 ,365,043-649-6000,http://www.resom.co.kr/island/main/main.asp,빌라형/거실겸침실1+온돌1/5인,1500,1100,,,,가족가능(의료보험증 사본 또는 주민등록증 등 가족임을  증명할 수 있는 서류와 가족 신분증 제시),클린시설,"산,스파",45.80㎡-빌라형(클린)24평,,5,,현지납,132300,,,,,,,,,
기타,무주 덕유산,전라,전남,568-811,전북 무주군 설천면 심곡리, 산 43-15,063-320-7000,http://www.mdysresort.com/,"4인/방 1, 화장실 1, 거실1",1500,1100,,,불가,가족가능(의료보험증 사본 또는 주민등록증 등 가족임을  증명할 수 있는 서류와 가족 신분증 제시),해당시설은 100% 회원제 시설로 예약자 본인이 체크인을 하셔야 입실이 가능합니다.,,63㎡(가족호텔실버),4,1,,현지불,80000,100000,105000,,,,,,,
기타,무주 덕유산,전라,전남,568-811,전북 무주군 설천면 심곡리, 산 43-15,063-320-7000,http://www.mdysresort.com/,"5인 / 방 2, 화징실 1, 거실 1",1500,1100,,,불가,가족가능(의료보험증 사본 또는 주민등록증 등 가족임을  증명할 수 있는 서류와 가족 신분증 제시),해당시설은 100% 회원제 시설로 예약자 본인이 체크인을 하셔야 입실이 가능합니다.,,93㎡(가족호텔골드),5,2,,현지불,110000,145000,150000,,,,,,,
기타,베어스타운,경기,경기,487-830,경기도 포천시 내촌면 소학리,295,031-540-5000,http://www.bearstown.com,"5인/ 방 2, 화장실 1, 거실 1",1500,1100,,,가능,가족가능(의료보험증 사본 또는 주민등록증 등 가족임을  증명할 수 있는 서류와 가족 신분증 제시),해당시설은 100% 회원제 시설로 예약자 본인이 체크인을 하셔야 입실이 가능합니다.,,96㎡,5,1,,현지불,81000,89000,105000,,,,,,,
기타,보광휘닉스 제주,제주,제주,699-900,제주도 서귀포시 성산읍 섭지코지로,107,1577-0069,www.phoenixhnr.co.kr,"5인 / 방 2 화장실 2, 거실1",1500,1100,,,가능,가족가능(의료보험증 사본 또는 주민등록증 등 가족임을  증명할 수 있는 서류와 가족 신분증 제시),"성수기 주중 및 주말 요금 176000, 극성수기 및 연휴 요금 180,000 투숙일 기준 7.1 이후부터 인상요금 적용","산,바다,레저스포츠",110.86㎡(로얄더블온돌),4,2,,현지불,186000,236000,266000,,,,,,,
기타,소노문 단양,충청,충북,395-806,충북 단양군 단양읍 상진리,04월 01일,1588-4888,www.sonohotelsresorts.com,"5인 / 방 2 화장실 2, 거실1",1500,1100,,,가능,가족가능(의료보험증 사본 또는 주민등록증 등 가족임을  증명할 수 있는 서류와 가족 신분증 제시),,"산,워터파크",101.2㎡,5,2,,선입금,100000,140000,176000,,,,,,,2021-01-01
기타,소노문 델피노,강원,강원,219-832,강원도 고성군 토성면 원암리,403-1,1588-4888,www.sonohotelsresorts.com,"5인 / 방 2 화장실 2, 거실1",1500,1100,,,가능,가족가능(의료보험증 사본 또는 주민등록증 등 가족임을  증명할 수 있는 서류와 가족 신분증 제시),,산,84.53㎡,5,2,,선입금,100000,140000,176000,,,,,,,2021-01-01
기타,소노문 양평,경기,경기,476-892,경기도 양평군 개군면 공세리,389-7,1588-4888,www.sonohotelsresorts.com,"5인 / 방 2 화장실 2, 거실1",1500,1100,,,가능,가족가능(의료보험증 사본 또는 주민등록증 등 가족임을  증명할 수 있는 서류와 가족 신분증 제시),26평형임,"강(호수),세미나",87.77㎡,5,2,,선입금,100000,140000,176000,,,,,,,2021-01-01
기타,소노벨 경주,경상,경북,780-290,경북 경주시 신평동,400-1,1588-4888,www.sonohotelsresorts.com,"5인 / 방 2 화장실 2, 거실1",1500,1100,,,가능,가족가능(의료보험증 사본 또는 주민등록증 등 가족임을  증명할 수 있는 서류와 가족 신분증 제시),,"워터파크,강(호수)",101.43㎡,5,2,,선입금,117000,158000,194000,,,,,,,2021-01-01
기타,소노벨 변산,전라,전남,579-851,전북 부안군 변산면 격포리,257,1588-4888,www.sonohotelsresorts.com,"5인 / 방 2 화장실 2, 거실1",1500,1100,,,가능,가족가능(의료보험증 사본 또는 주민등록증 등 가족임을  증명할 수 있는 서류와 가족 신분증 제시),,"바다,워터파크",105.7㎡,5,2,,선입금,117000,158000,190000,,,,,,,2021-01-01
기타,소노벨 비발디파크,강원,강원,250-853,강원도 홍천군 서면 필봉리,1290-14,1588-4888,www.sonohotelsresorts.com,"5인 / 방 2 화장실 2, 거실1",1500,1100,,,가능,가족가능(의료보험증 사본 또는 주민등록증 등 가족임을  증명할 수 있는 서류와 가족 신분증 제시),,"스키,워터파크,골프",96.23㎡,5,2,,선입금,117000,158000,194000,,,,,,,2021-01-01
기타,소노벨 천안,충청,충남,330891,충청남도 천안시 동남구 성남면 종합휴양지로 ,200,1588-4888,www.sonohotelsresorts.com,"5인 / 방 2 화장실 2, 거실1",1500,1100,,https://www.sonohotelsresorts.com/daemyung.saupjang.ca.ocean.oceanInfo.ds/dmparse.dm,가능,가족가능(의료보험증 사본 또는 주민등록증 등 가족임을  증명할 수 있는 서류와 가족 신분증 제시),,"워터파크,스파",85.93㎡,5,2,,선입금,117000,160000,194000,,,,,,,2021-01-01
기타,소노벨 청송,경상,경북,763833,경상북도 청송군 부동면 주왕산로,493,1588-4888,www.sonohotelsresorts.com,"5인 / 방 2 화장실 2, 거실1",1500,1100,,https://www.sonohotelsresorts.com/saupjang.cs.front.facilities.dp/dmparse.dm?upjangSid=5702,취사가능,가족가능(의료보험증 사본 또는 주민등록증 등 가족임을  증명할 수 있는 서류와 가족 신분증 제시),취사객실 제공하나 객실상황에 따라 클린객실 배정도 가능할 수 있음,,82.89㎡,5,2,,선입금,117000,160000,194000,,,,,,,2021-01-01
기타,소노캄 거제,경상,경남,656-892,경남 거제시 일운면 소동리,115,1588-4888,www.sonohotelsresorts.com,"5인 / 방 2 화장실 2, 거실1",1500,1100,,,가능,가족가능(의료보험증 사본 또는 주민등록증 등 가족임을  증명할 수 있는 서류와 가족 신분증 제시),,"바다,워터파크",108.14,5,2,,선입금,156000,202000,230000,,,,,,,2021-01-01
기타,소노캄 여수,전라,전남,550030,전라남도 여수시 오동도로,111,061-660-5800,www.sonohotelsresorts.com,"2인 / 방 + 거실 1, 화장실 1",1500,1100,,www.mvlhotel.com/daemyung.mvl.yeosu.facilities.ds/dmparse.dm?sector=intro#intro,불가,가족가능(의료보험증 사본 또는 주민등록증 등 가족임을  증명할 수 있는 서류와 가족 신분증 제시),입퇴실 시간 준수,바다,56㎡,2,2,바다,선입금,189000,249000,294000,,,,,,,2020-01-01
기타,소노캄제주(샤인빌),제주,제주,6347-17,제주도 서귀포시 표선면 일주동로,6347-17,1588-4888,www.sonohotelsresorts.com,"5인 / 방 2 화장실 2, 거실1",1500,1100,,,불가,가족가능(의료보험증 사본 또는 주민등록증 등 가족임을  증명할 수 있는 서류와 가족 신분증 제시),1. 이용대상: 현역 및 군무원에 한함(이용시 반드시 군신분증 필수지참)2. 해당시설은 100% 회원제 시설로 예약자 본인이 체크인을 하셔야 입실이 가능합니다.,,66㎡,4,1,,현지불,122000,165000,204000,,,,,,,2021-01-01
기타,신세계(영랑호),강원,강원,217-040,강원도 속초시금호동,600-7,033-633-0001,www.sonohotelsresorts.com,"5인 / 방 2 화장실 1, 거실1",1500,1100,,,가능,가족가능(의료보험증 사본 또는 주민등록증 등 가족임을  증명할 수 있는 서류와 가족 신분증 제시),,,66㎡,5,1,,선입금,70000,83000,88000,,,,,,,
기타,쏠비치 삼척,강원,강원,245090,강원도 삼척시 수로부인길,453,1588-4888,www.sonohotelsresorts.com,"5인 / 방 2 화장실 2, 거실1",1500,1100,709실,https://www.sonohotelsresorts.com/sb.sc.front.facility.dp/dmparse.dm?upjangSid=5050,취사가능,가족가능(의료보험증 사본 또는 주민등록증 등 가족임을  증명할 수 있는 서류와 가족 신분증 제시),"취사객실 우선배정하나 객실상황에 따라 미취사 배정, 오션뷰 비용 발생","바다,워터파크,스파",102.43㎡,5,2,,선입금,150000,190000,226000,,,,,,,2021-01-01
기타,쏠비치 양양,강원,강원,215-825,강원도 양양군 손양면 오산리,산2-1,1588-4888,www.sonohotelsresorts.com,"5인 / 방 2 화장실 2, 거실1",1500,1100,,,가능,가족가능(의료보험증 사본 또는 주민등록증 등 가족임을  증명할 수 있는 서류와 가족 신분증 제시),해당시설은 100% 회원제 시설로 예약자 본인이 체크인을 하셔야 입실이 가능합니다.,"바다,워터파크",94.90㎡,5,2,,선입금,140000,179000,210000,,,,,,,2021-01-01
기타,쏠비치 진도,전라,전남,539835,전라남도 진도군 의신면 송군길 31-30,31-30,1588-4888,www.sonohotelsresorts.com,"5인 / 방 2 화장실 2, 거실1",1500,1100,,https://www.sonohotelsresorts.com/sb.jd.front.facility.dp/dmparse.dm?upjangSid=7854,,가족가능(의료보험증 사본 또는 주민등록증 등 가족임을  증명할 수 있는 서류와 가족 신분증 제시),"클린/취사 객실상황에 따라 배정, 오션뷰 비용발생","바다,스파,웨딩",85.38㎡,5,2,오션,선입금,150000,192000,226000,,,,,,,2021-01-01
기타,엘도라도,전라,전남,535-820,전남 신안군 증도면 지도증도로,1766-1,061-260-3300,https://www.eldoradoresort.co.kr,"4인/방 1, 화장실 1, 거실1",1500,1100,,,콘도만 가능,가족가능(의료보험증 사본 또는 주민등록증 등 가족임을  증명할 수 있는 서류와 가족 신분증 제시),해당시설은 100% 회원제 시설로 예약자 본인이 체크인을 하셔야 입실이 가능합니다.,"바다,레저스포츠,세미나",117㎡,5,2,,선입금,159000,205000,229000,,,,,,,
기타,엘도라도,전라,전남,535-820,전남 신안군 증도면 지도증도로,1766-1,061-260-3300,https://www.eldoradoresort.co.kr,"5인/방 2, 화장실 2, 거실1",1500,1100,,,콘도만 가능,가족가능(의료보험증 사본 또는 주민등록증 등 가족임을  증명할 수 있는 서류와 가족 신분증 제시),해당시설은 100% 회원제 시설로 예약자 본인이 체크인을 하셔야 입실이 가능합니다.,"바다,레저스포츠,세미나",142㎡,6,2,,선입금,190000,230000,260000,,,,,,,
기타,엘도라도,전라,전남,535-820,전남 신안군 증도면 지도증도로,1766-1,061-260-3300,https://www.eldoradoresort.co.kr,"6인/방 3, 화장실 2, 거실1 ",1500,1100,,,콘도만 가능,가족가능(의료보험증 사본 또는 주민등록증 등 가족임을  증명할 수 있는 서류와 가족 신분증 제시),해당시설은 100% 회원제 시설로 예약자 본인이 체크인을 하셔야 입실이 가능합니다.,"바다,레저스포츠,세미나",86㎡,4,1,,선입금,114000,144000,165000,,,,,,,
기타,웰리힐리파크,강원,강원,225-830,강원도 횡성군 둔내리,204,033-340-3000,https://www.wellihillipark.com,"5인 / 방2, 화장실 1, 거실",1500,1100,,,가능,가족가능(의료보험증 사본 또는 주민등록증 등 가족임을  증명할 수 있는 서류와 가족 신분증 제시),,,89㎡,5,2,,현지불,87000,98000,105000,,,,,,,
기타,켄싱턴 가평,경기,경기,477-820,경기도 가평군 상면 덕현리,402-10,031-584-9380,www.kensington.co.kr,"5인 / 방2, 화장실 1, 거실",1500,1100,,,가능,가족가능(의료보험증 사본 또는 주민등록증 등 가족임을  증명할 수 있는 서류와 가족 신분증 제시),,,83㎡(디럭스),4,1,,선입금,79000,109000,124000,,,,,,,
기타,켄싱턴 경주,경상,경북,780-280,경북 경주시 북군동,11월 01일,054-748-8400,www.kensington.co.kr,"5인 / 방2, 화장실 1, 거실",1500,1100,,,가능,가족가능(의료보험증 사본 또는 주민등록증 등 가족임을  증명할 수 있는 서류와 가족 신분증 제시),,산,102㎡(그랜드),6,2,,선입금,104000,124000,149000,,,,,,,
기타,켄싱턴 서귀포,제주,제주,697-370,제주도 서귀포시 강정동,2677,064-739-9001,www.kensington.co.kr,"5인 / 방2, 화장실 1, 거실",1500,1100,,,가능,가족가능(의료보험증 사본 또는 주민등록증 등 가족임을  증명할 수 있는 서류와 가족 신분증 제시),해당시설은 100% 회원제 시설로 예약자 본인이 체크인을 하셔야 입실이 가능합니다.,,86㎡(프리미어),5,2,,선입금,104000,124000,149000,,,,,,,
기타,켄싱턴 설악 밸리,강원,강원,219832,강원도 고성군 토성면 신평골길, 8-25,033-633-0100,www.kensington.co.kr,"5인 / 방2, 화장실 1, 거실",1500,1100,144실,"사슴농장,힐링숲등",가능,가족가능(의료보험증 사본 또는 주민등록증 등 가족임을  증명할 수 있는 서류와 가족 신분증 제시),,"산,바다",109㎡(로얄스위트 베른),6,3,,선입금,184000,204000,219000,,,,,,,
기타,켄싱턴 설악 밸리,강원,강원,219832,강원도 고성군 토성면 신평골길, 8-25,033-633-0100,www.kensington.co.kr,"5인 / 방2, 화장실 1, 거실",1500,1100,144실,"사슴농장,힐링숲등",가능,가족가능(의료보험증 사본 또는 주민등록증 등 가족임을  증명할 수 있는 서류와 가족 신분증 제시),,"산,바다",119㎡(노블리안 루체른),7,3,테라스가든뷰,선입금,234000,254000,269000,,,,,,,
기타,켄싱턴 설악비치,강원,강원,219-832,강원도 고성군 토성면 봉포리,Sep-40,033-631-7601,www.kensington.co.kr,"5인 / 방2, 화장실 1, 거실",1500,1100,,,가능,가족가능(의료보험증 사본 또는 주민등록증 등 가족임을  증명할 수 있는 서류와 가족 신분증 제시),,바다,69㎡(디럭스/산방향),4,1,,선입금,89000,124000,134000,,,,,,,
기타,켄싱턴 설악비치,강원,강원,219-832,강원도 고성군 토성면 봉포리,Sep-40,033-631-7601,www.kensington.co.kr,"5인 / 방2, 화장실 1, 거실",1500,1100,,,가능,가족가능(의료보험증 사본 또는 주민등록증 등 가족임을  증명할 수 있는 서류와 가족 신분증 제시),,바다,86㎡(프리미어),5,2,,선입금,124000,144000,169000,,,,,,,
기타,켄싱턴 지리산 남원,전라,전남,590-100,전북 남원시 어현동,37-122,063-636-7007,www.kensington.co.kr,"5인 / 방2, 화장실 1, 거실",1500,1100,,,가능,가족가능(의료보험증 사본 또는 주민등록증 등 가족임을  증명할 수 있는 서류와 가족 신분증 제시),,산,83㎡(프리미어),4,1,,선입금,99000,119000,144000,,,,,,,
기타,켄싱턴 충주,충청,충북,380-600,충북 충주시 양성면 돈산리,155-1,043-857-0055,www.kensington.co.kr,"5인 / 방2, 화장실 1, 거실",1500,1100,,,가능,가족가능(의료보험증 사본 또는 주민등록증 등 가족임을  증명할 수 있는 서류와 가족 신분증 제시),,레저스포츠,69㎡(디럭스),4,1,,선입금,79000,99000,124000,,,,,,,
기타,켄싱턴 충주,충청,충북,380-600,충북 충주시 양성면 돈산리,155-1,043-857-0055,www.kensington.co.kr,"5인 / 방2, 화장실 1, 거실",1500,1100,,,가능,가족가능(의료보험증 사본 또는 주민등록증 등 가족임을  증명할 수 있는 서류와 가족 신분증 제시),,레저스포츠,86㎡(프리미어),5,2,,선입금,99000,119000,144000,,,,,,,
기타,켄싱턴 하동,경상,경남,667824,경상남도 하동군 화개면 쌍계로 , 532-6,055-880-8000,www.kensington.co.kr,"5인 / 방2, 화장실 1, 거실",1500,1100,,,,가족가능(의료보험증 사본 또는 주민등록증 등 가족임을  증명할 수 있는 서류와 가족 신분증 제시),,,69㎡(디럭스),4,1,,선입금,79000,99000,124000,,,,,,,
기타,켄싱턴 하동,경상,경남,667824,경상남도 하동군 화개면 쌍계로 , 532-6,055-880-8000,www.kensington.co.kr,"5인 / 방2, 화장실 1, 거실",1500,1100,,,,가족가능(의료보험증 사본 또는 주민등록증 등 가족임을  증명할 수 있는 서류와 가족 신분증 제시),,,86㎡(프리미어),5,2,,선입금,99000,119000,144000,,,,,,,
기타,켄싱턴 한림,제주,제주,695-922,제주도 북제주군 한림읍 귀덕리,3861,064-796-9600,www.kensington.co.kr,"5인 / 방2, 화장실 1, 거실",1500,1100,,,가능,가족가능(의료보험증 사본 또는 주민등록증 등 가족임을  증명할 수 있는 서류와 가족 신분증 제시),,"산,바다,레저스포츠",115㎡,,,,선입금,101000,119000,130000,,,,,,,2017-01-01
기타,켄싱턴 해운대,경상,부산,612821,부산광역시 해운대구 해운대해변로,243(글로리콘도),051-746-8181,www.kensington.co.kr,"4인 / 방1, 화장실 1, 거실",1500,1100,224실,"사우나,카페,빨래방등",,가족가능(의료보험증 사본 또는 주민등록증 등 가족임을  증명할 수 있는 서류와 가족 신분증 제시),,바다,59㎡(글로리콘도),4,1,오션뷰,선입금,68000,80000,96000,,,,,,,2021-01-01
기타,한화 거제(벨버디어),경상,경남,0,경상남도 거제시 장목면 거제북로,2501-40,055-951-4001,www.hanwwharesort.co.kr,"5인 / 방2, 화장실 2, 거실",1500,1100,,https://www.hanwharesort.co.kr/irsweb/resort3/resort/rs_addition_food.do?bp_cd=2101,취사불가,가족가능(의료보험증 사본 또는 주민등록증 등 가족임을  증명할 수 있는 서류와 가족 신분증 제시),,"바다,워터파크,레저스포츠",109.6㎡(스위트 오션뷰),5,2,,선입금,151000,191000,199000,,,,,,,
기타,한화 거제(벨버디어),경상,경남,0,경상남도 거제시 장목면 거제북로,2501-40,055-951-4001,www.hanwwharesort.co.kr,"5인 / 방2, 화장실 2, 거실",1500,1100,,https://www.hanwharesort.co.kr/irsweb/resort3/resort/rs_addition_food.do?bp_cd=2101,취사불가,가족가능(의료보험증 사본 또는 주민등록증 등 가족임을  증명할 수 있는 서류와 가족 신분증 제시),,"바다,워터파크,레저스포츠",78.4㎡(디럭스 오션뷰),4,0,,선입금,136000,174000,181000,,,,,,,
기타,한화 경주(에톤),경상,경북,780-280,경북 경주시 북군동,03월 30일,054-745-8060,www.hanwwharesort.co.kr,"5인 / 방2, 화장실 2, 거실",1500,1100,,,가능,가족가능(의료보험증 사본 또는 주민등록증 등 가족임을  증명할 수 있는 서류와 가족 신분증 제시),,"산,레저스포츠",86㎡ 디럭스,5,2,,선입금,102000,139000,144000,,,,,,,
기타,한화 대천(파로스),충청,충남,355944,충청남도 보령시 해수욕장,3길11-10,041-931-5500,www.hanwwharesort.co.kr,디럭스형(패밀리형)/5인,1500,1100,,,취사가능,가족가능(의료보험증 사본 또는 주민등록증 등 가족임을  증명할 수 있는 서류와 가족 신분증 제시),,바다,93(실평수 18평),,5,,,102000,139000,144000,,,,,,,
기타,한화 산정호수(안시),경기,경기,487-896,경기도 포천시 영북면 산정리,454-4,031-534-5500,www.hanwwharesort.co.kr,디럭스형(패밀리형)/5인,1500,1100,,,가능,가족가능(의료보험증 사본 또는 주민등록증 등 가족임을  증명할 수 있는 서류와 가족 신분증 제시),,강(호수),76㎡ 디럭스,5,1,,선입금,102000,139000,144000,,,,,,,
기타,한화 설악(쏘라노),강원,강원,217-130,강원도 속초시 장사동,01월 24일,033-635-7711,www.hanwwharesort.co.kr,디럭스형(패밀리형)/5인,1500,1100,,,가능,가족가능(의료보험증 사본 또는 주민등록증 등 가족임을  증명할 수 있는 서류와 가족 신분증 제시),원룸,산,76㎡ 디럭스,5,1,,선입금,103000,139000,144000,,,,,,,
기타,한화 양평,경기,경기,476-831,경기도 양평군 옥천면 신복리,141-5,031-772-3811,www.hanwwharesort.co.kr,디럭스형(패밀리형)/5인,1500,1100,,,가능,가족가능(의료보험증 사본 또는 주민등록증 등 가족임을  증명할 수 있는 서류와 가족 신분증 제시),,레저스포츠,76㎡ 디럭스,5,1,,선입금,76000,110000,119000,,,,,,,
기타,한화 여수 벨메르호텔,전라,전남,59792,전남 여수시 웅천동 1875-1, 1875-1,061-924-1500,www.hanwwharesort.co.kr,슈페리어스위트/4인,1500,1100,101실,https://www.hanwharesort.co.kr/irsweb/resort3/resort/rs_addition.do?bp_cd=2201&schMenuTp=2,클린객실,가족가능(의료보험증 사본 또는 주민등록증 등 가족임을  증명할 수 있는 서류와 가족 신분증 제시),취사불가,바다,61㎡ 슈페리얼스위트,4,2,오션뷰,현지불,201000,240000,268000,,,,,,,2021-01-01
기타,한화 용인(베잔송),경기,경기,449-884,경기도 용인시 처인구 남사면 봉무리,257-1,031-332-1122,www.hanwwharesort.co.kr,디럭스형(패밀리형)/5인,1500,1100,,,가능,가족가능(의료보험증 사본 또는 주민등록증 등 가족임을  증명할 수 있는 서류와 가족 신분증 제시),,레저스포츠,76㎡ 디럭스,5,1,,선입금,100000,135000,142000,,,,,,,
기타,한화 제주,제주,제주,690-735,제주도 제주시 회천동,03월 16일,064-725-9000,www.hanwwharesort.co.kr,디럭스형(패밀리형)/5인,1500,1100,,,가능,가족가능(의료보험증 사본 또는 주민등록증 등 가족임을  증명할 수 있는 서류와 가족 신분증 제시),,"산,바다,레저스포츠",83㎡ 디럭스,5,2,,선입금,114000,132000,145000,,,,,,,
기타,한화 평창,강원,강원,232-922,강원도 평창군 봉평면 면온리,946-7,033-334-6100,www.hanwwharesort.co.kr,디럭스형(패밀리형)/5인,1500,1100,,,가능,가족가능(의료보험증 사본 또는 주민등록증 등 가족임을  증명할 수 있는 서류와 가족 신분증 제시),,스키,126㎡ 스위트,5,2,,선입금,94000,119000,162000,,,,,,,
기타,한화 해운대,경상,부산,612-824,부산시 해운대구 우동,1410-3,051-749-5500,www.hanwwharesort.co.kr,패밀리형/5인,1500,1100,,,가능,가족가능(의료보험증 사본 또는 주민등록증 등 가족임을  증명할 수 있는 서류와 가족 신분증 제시),,바다,76㎡ 패밀리,4,0,,선입금,111000,148000,148000,,,,,,,
기타,현대수 설악,강원,강원,24859,강원도 속초시노학동,729-3,033-635-9090,www.hyundaisoo.com,디럭스형(패밀리형)/5인,,,,,가능,가족가능(의료보험증 사본 또는 주민등록증 등 가족임을  증명할 수 있는 서류와 가족 신분증 제시),1. 취소 또는 당일미투숙에 따른 위약금 발생 및 회원권이용에 제한을 받을수 있음2. 금요일 요금 5만원임,,76㎡(콘도),4,2,,현지불,40000,57000,62000,,,,,,,
