행번호,판매년도,판매월,선정기준,상품명
1,2015,04,금액,LGU군인카드
2,2015,04,금액,공화춘자장컵
3,2015,04,금액,듀이트리울트라바이탈라이징스네일크림
4,2015,04,금액,맥심모카골드마일드 커피믹스
5,2015,04,금액,박카스에이 캔
6,2015,04,금액,칠성사이다(캔)
7,2015,04,금액,코카콜라(1.5L)
8,2015,04,금액,코카콜라(250ml)
9,2015,04,금액,포카리캔
10,2015,04,금액,홍삼원세트
11,2015,04,수량,코카콜라(250ml)
12,2015,04,수량,포카리캔
13,2015,04,수량,칠성사이다(캔)
14,2015,04,수량,조지아맥스
15,2015,04,수량,자유시간쿠키
16,2015,04,수량,박카스에이 캔
17,2015,04,수량,초코에몽
18,2015,04,수량,신라면
19,2015,04,수량,싱그린화장지
20,2015,04,수량,코코팜 화이트 요구르트
21,2015,05,금액,LGU군인카드
22,2015,05,금액,뉴트리팩
23,2015,05,금액,듀이트리울트라바이탈라이징스네일크림
24,2015,05,금액,맥심모카골드마일드 커피믹스
25,2015,05,금액,박카스에이 캔
26,2015,05,금액,칠성사이다(캔)
27,2015,05,금액,코카콜라(250㎖)
28,2015,05,금액,코카콜라(1.5L)
29,2015,05,금액,포카리캔
30,2015,05,금액,홍삼원세트
31,2015,05,수량,박카스에이 캔
32,2015,05,수량,싱그린화장지
33,2015,05,수량,신라면
34,2015,05,수량,조지아맥스
35,2015,05,수량,자유시간쿠키
36,2015,05,수량,칠성사이다(캔)
37,2015,05,수량,초코에몽
38,2015,05,수량,코카콜라(250㎖)
39,2015,05,수량,포카리캔
40,2015,05,수량,환타오렌지
41,2015,06,금액,LGU군인카드
42,2015,06,금액,갈색설탕
43,2015,06,금액,듀이트리울트라바이탈라이징스네일크림
44,2015,06,금액,맥심모카골드마일드 커피믹스
45,2015,06,금액,박카스에이 캔
46,2015,06,금액,코카콜라(250㎖)
47,2015,06,금액,코카콜라(1.5L)
48,2015,06,금액,코카콜라600ml
49,2015,06,금액,포카리캔
50,2015,06,금액,홍삼원세트
51,2015,06,수량,박카스에이 캔
52,2015,06,수량,스프라이트
53,2015,06,수량,싱그린화장지
54,2015,06,수량,암바사캔
55,2015,06,수량,조지아맥스
56,2015,06,수량,칠성사이다(캔)
57,2015,06,수량,코카콜라(250㎖)
58,2015,06,수량,코코팜 화이트 요구르트
59,2015,06,수량,포카리캔
60,2015,06,수량,환타오렌지
61,2015,07,금액,LGU군인카드
62,2015,07,금액,듀이트리울트라바이탈라이징스네일크림
63,2015,07,금액,맥심모카골드마일드 커피믹스
64,2015,07,금액,박카스에이 캔
65,2015,07,금액,칠성사이다(캔)
66,2015,07,금액,코카콜라(250㎖)
67,2015,07,금액,코카콜라(1.5L)
68,2015,07,금액,코카콜라600ml
69,2015,07,금액,포카리캔
70,2015,07,금액,홍삼원세트
71,2015,07,수량,박카스에이 캔
72,2015,07,수량,스프라이트
73,2015,07,수량,싱그린화장지
74,2015,07,수량,암바사캔
75,2015,07,수량,조지아맥스
76,2015,07,수량,칠성사이다(캔)
77,2015,07,수량,코카콜라(250㎖)
78,2015,07,수량,코코팜 화이트 요구르트
79,2015,07,수량,포카리캔
80,2015,07,수량,환타오렌지
81,2015,08,금액,LGU군인카드
82,2015,08,금액,듀이트리울트라바이탈라이징스네일크림
83,2015,08,금액,맥심모카골드마일드 커피믹스
84,2015,08,금액,박카스에이 캔
85,2015,08,금액,칠성사이다(캔)
86,2015,08,금액,코카콜라(250㎖)
87,2015,08,금액,코카콜라(600㎖)
88,2015,08,금액,코카콜라(1.5L)
89,2015,08,금액,포카리캔
90,2015,08,금액,홍삼원세트
91,2015,08,수량,박카스에이 캔
92,2015,08,수량,스프라이트
93,2015,08,수량,싱그린화장지
94,2015,08,수량,암바사캔
95,2015,08,수량,조지아맥스
96,2015,08,수량,칠성사이다(캔)
97,2015,08,수량,코카콜라(250㎖)
98,2015,08,수량,코코팜 화이트 요구르트
99,2015,08,수량,포카리캔
100,2015,08,수량,환타오렌지
101,2015,09,금액,LGU군인카드
102,2015,09,금액,뉴트리팩
103,2015,09,금액,듀이트리울트라바이탈라이징스네일크림
104,2015,09,금액,맥심모카골드마일드 커피믹스
105,2015,09,금액,박카스에이 캔
106,2015,09,금액,스팸
107,2015,09,금액,코카콜라(250㎖)
108,2015,09,금액,포카리캔
109,2015,09,금액,홍삼원골드
110,2015,09,금액,홍삼원세트
111,2015,09,수량,박카스에이 캔
112,2015,09,수량,신라면
113,2015,09,수량,싱그린화장지
114,2015,09,수량,조지아맥스
115,2015,09,수량,초코에몽
116,2015,09,수량,칠성사이다(캔)
117,2015,09,수량,코카콜라(250㎖)
118,2015,09,수량,코코팜 화이트 요구르트
119,2015,09,수량,포카리캔
120,2015,09,수량,환타오렌지
121,2015,10,금액,공화춘자장컵
122,2015,10,금액,LGU군인카드
123,2015,10,금액,듀이트리울트라바이탈라이징스네일크림
124,2015,10,금액,맥심모카골드마일드 커피믹스
125,2015,10,금액,박카스에이 캔
126,2015,10,금액,코카콜라(250㎖)
127,2015,10,금액,크레마카라콜달팽이크림프리미어
128,2015,10,금액,큰컵불닭볶음면
129,2015,10,금액,포카리캔
130,2015,10,금액,홍삼원세트
131,2015,10,수량,박카스에이 캔
132,2015,10,수량,신라면
133,2015,10,수량,싱그린화장지
134,2015,10,수량,자유시간쿠키
135,2015,10,수량,조지아맥스
136,2015,10,수량,초코에몽
137,2015,10,수량,칠성사이다(캔)
138,2015,10,수량,코카콜라(250㎖)
139,2015,10,수량,코코팜 화이트 요구르트
140,2015,10,수량,포카리캔
141,2015,11,금액,공화춘자장컵
142,2015,11,금액,LGU군인카드
143,2015,11,금액,듀이트리울트라바이탈라이징스네일크림
144,2015,11,금액,맥심모카골드마일드 커피믹스
145,2015,11,금액,박카스에이 캔
146,2015,11,금액,보온대
147,2015,11,금액,신라면
148,2015,11,금액,코카콜라(250㎖)
149,2015,11,금액,크레마카라콜달팽이크림프리미어
150,2015,11,금액,홍삼원세트
151,2015,11,수량,박카스에이 캔
152,2015,11,수량,보온대
153,2015,11,수량,신라면
154,2015,11,수량,싱그린화장지
155,2015,11,수량,자유시간쿠키
156,2015,11,수량,조지아맥스
157,2015,11,수량,초코에몽
158,2015,11,수량,칠성사이다(캔)
159,2015,11,수량,코카콜라(250㎖)
160,2015,11,수량,포카리캔
161,2015,12,금액,공화춘자장컵
162,2015,12,금액,뉴트리팩
163,2015,12,금액,LGU군인카드
164,2015,12,금액,듀이트리울트라바이탈라이징스네일크림
165,2015,12,금액,맥심모카골드마일드 커피믹스
166,2015,12,금액,보온대
167,2015,12,금액,코카콜라(250㎖)
168,2015,12,금액,크레마카라콜달팽이크림프리미어
169,2015,12,금액,프루팁스
170,2015,12,금액,홍삼원세트
171,2015,12,수량,나무젓가락
172,2015,12,수량,보온대
173,2015,12,수량,신라면
174,2015,12,수량,싱그린화장지
175,2015,12,수량,자유시간쿠키
176,2015,12,수량,조지아맥스
177,2015,12,수량,초코에몽
178,2015,12,수량,칠성사이다(캔)
179,2015,12,수량,코카콜라(250㎖)
180,2015,12,수량,포카리캔
181,2016,01,금액,뉴트리팩
182,2016,01,금액,LGU군인카드
183,2016,01,금액,듀이트리울트라바이탈라이징스네일크림
184,2016,01,금액,맥심모카골드마일드 커피믹스
185,2016,01,금액,보온대
186,2016,01,금액,코카콜라(250㎖)
187,2016,01,금액,크레마카라콜달팽이크림프리미어
188,2016,01,금액,프루팁스
189,2016,01,금액,홍삼보운
190,2016,01,금액,홍삼원세트
191,2016,01,수량,보온대
192,2016,01,수량,보온대(박상병핫팩)
193,2016,01,수량,보온대(충성핫팩)주머니난로
194,2016,01,수량,신라면
195,2016,01,수량,싱그린화장지
196,2016,01,수량,자유시간쿠키
197,2016,01,수량,조지아맥스
198,2016,01,수량,초코에몽
199,2016,01,수량,츄츄케익파이_초코바닐라맛
200,2016,01,수량,코카콜라(250㎖)
201,2016,02,금액,뉴트리팩
202,2016,02,금액,LGU군인카드
203,2016,02,금액,듀이트리울트라바이탈라이징스네일크림
204,2016,02,금액,맥심모카골드마일드 커피믹스
205,2016,02,금액,스팸
206,2016,02,금액,코카콜라(250㎖)
207,2016,02,금액,크레마카라콜달팽이크림프리미어
208,2016,02,금액,홍삼원골드
209,2016,02,금액,홍삼보운
210,2016,02,금액,홍삼원세트
211,2016,02,수량,보온대
212,2016,02,수량,신라면
213,2016,02,수량,싱그린화장지
214,2016,02,수량,자유시간쿠키
215,2016,02,수량,조지아맥스
216,2016,02,수량,초코에몽
217,2016,02,수량,츄츄케익파이_초코바닐라맛
218,2016,02,수량,칠성사이다(캔)
219,2016,02,수량,킷캣청키
220,2016,02,수량,코카콜라(250㎖)
221,2016,03,금액,뉴트리팩
222,2016,03,금액,LGU군인카드
223,2016,03,금액,듀이트리울트라바이탈라이징스네일크림
224,2016,03,금액,맥심모카골드마일드 커피믹스
225,2016,03,금액,박카스에이 캔
226,2016,03,금액,울트라바이탈라이징스네일스페셜기프트세트
227,2016,03,금액,코카콜라(250㎖)
228,2016,03,금액,크레마카라콜달팽이크림프리미어
229,2016,03,금액,홍삼보운
230,2016,03,금액,홍삼원세트
231,2016,03,수량,박카스에이 캔
232,2016,03,수량,신라면
233,2016,03,수량,싱그린화장지
234,2016,03,수량,자유시간쿠키
235,2016,03,수량,조지아맥스
236,2016,03,수량,초코에몽
237,2016,03,수량,칠성사이다(캔)
238,2016,03,수량,코카콜라(250㎖)
239,2016,03,수량,트윅스
240,2016,03,수량,포카리캔
241,2016,04,금액,뉴트리팩
242,2016,04,금액,LGU군인카드
243,2016,04,금액,듀이트리울트라바이탈라이징스네일크림
244,2016,04,금액,맥심모카골드마일드 커피믹스
245,2016,04,금액,몽쉘딸기케이크(소)
246,2016,04,금액,박카스에이 캔
247,2016,04,금액,울트라바이탈라이징스네일스페셜기프트세트
248,2016,04,금액,코카콜라(250㎖)
249,2016,04,금액,홍삼보운
250,2016,04,금액,홍삼원세트
251,2016,04,수량,몽쉘딸기케이크(소)
252,2016,04,수량,박카스에이 캔
253,2016,04,수량,신라면
254,2016,04,수량,싱그린화장지
255,2016,04,수량,자유시간쿠키
256,2016,04,수량,조지아맥스
257,2016,04,수량,초코에몽
258,2016,04,수량,칠성사이다(캔)
259,2016,04,수량,코카콜라(250㎖)
260,2016,04,수량,포카리캔
261,2016,05,금액,뉴트리팩
262,2016,05,금액,듀이트리울트라바이탈라이징스네일크림
263,2016,05,금액,맥심모카골드마일드 커피믹스
264,2016,05,금액,몽쉘딸기케이크(소)
265,2016,05,금액,박카스에이 캔
266,2016,05,금액,울트라바이탈라이징스네일스페셜기프트세트
267,2016,05,금액,코카콜라(250㎖)
268,2016,05,금액,홍삼보운
269,2016,05,금액,홍삼원세트
270,2016,05,금액,포카리캔
271,2016,05,수량,몽쉘딸기케이크(소)
272,2016,05,수량,박카스에이 캔
273,2016,05,수량,신라면
274,2016,05,수량,자유시간쿠키
275,2016,05,수량,조지아맥스
276,2016,05,수량,초코에몽
277,2016,05,수량,칠성사이다(캔)
278,2016,05,수량,코카콜라(250㎖)
279,2016,05,수량,포카리캔
280,2016,05,수량,파워에이드마운틴블라스트
281,2016,06,금액,갈색설탕
282,2016,06,금액,듀이트리울트라바이탈라이징스네일크림
283,2016,06,금액,맥심모카골드마일드 커피믹스
284,2016,06,금액,몽쉘딸기케이크(소)
285,2016,06,금액,박카스에이 캔
286,2016,06,금액,칠성사이다(캔)
287,2016,06,금액,코카콜라(250㎖)
288,2016,06,금액,홍삼보운
289,2016,06,금액,홍삼원세트
290,2016,06,금액,포카리캔
291,2016,06,수량,몽쉘딸기케이크(소)
292,2016,06,수량,박카스에이 캔
293,2016,06,수량,신라면
294,2016,06,수량,스프라이트
295,2016,06,수량,조지아맥스
296,2016,06,수량,초코에몽
297,2016,06,수량,칠성사이다(캔)
298,2016,06,수량,코카콜라(250㎖)
299,2016,06,수량,포카리캔
300,2016,06,수량,파워에이드마운틴블라스트
301,2016,07,금액,듀이트리울트라바이탈라이징스네일크림
302,2016,07,금액,맥심모카골드마일드 커피믹스
303,2016,07,금액,몽쉘딸기케이크(소)
304,2016,07,금액,박카스에이 캔
305,2016,07,금액,칠성사이다(캔)
306,2016,07,금액,코카콜라(250㎖)
307,2016,07,금액,홍삼보운
308,2016,07,금액,홍삼원세트
309,2016,07,금액,홍삼정옥고
310,2016,07,금액,포카리캔
311,2016,07,수량,몽쉘딸기케이크(소)
312,2016,07,수량,박카스에이 캔
313,2016,07,수량,신라면
314,2016,07,수량,스프라이트
315,2016,07,수량,조지아맥스
316,2016,07,수량,초코에몽
317,2016,07,수량,칠성사이다(캔)
318,2016,07,수량,코카콜라(250㎖)
319,2016,07,수량,포카리캔
320,2016,07,수량,파워에이드마운틴블라스트
321,2016,08,금액,뉴트리팩
322,2016,08,금액,듀이트리울트라바이탈라이징스네일크림
323,2016,08,금액,맥심모카골드마일드 커피믹스
324,2016,08,금액,몽쉘딸기케이크(소)
325,2016,08,금액,박카스에이 캔
326,2016,08,금액,코카콜라(250㎖)
327,2016,08,금액,홍삼보운
328,2016,08,금액,홍삼원세트
329,2016,08,금액,홍삼정옥고
330,2016,08,금액,포카리캔
331,2016,08,수량,몽쉘딸기케이크(소)
332,2016,08,수량,박카스에이 캔
333,2016,08,수량,석수
334,2016,08,수량,스프라이트
335,2016,08,수량,조지아맥스
336,2016,08,수량,칠성사이다(캔)
337,2016,08,수량,코카콜라(250㎖)
338,2016,08,수량,포카리캔
339,2016,08,수량,포카리스웨트 분말
340,2016,08,수량,파워에이드마운틴블라스트
341,2016,09,금액,뉴트리팩
342,2016,09,금액,듀이트리울트라바이탈라이징스네일크림
343,2016,09,금액,맥심모카골드마일드 커피믹스
344,2016,09,금액,스팸
345,2016,09,금액,울트라바이탈라이징스네일스페셜기프트세트
346,2016,09,금액,코카콜라(250㎖)
347,2016,09,금액,홍삼보운
348,2016,09,금액,홍삼원세트
349,2016,09,금액,홍삼정옥고
350,2016,09,금액,홍삼원골드
351,2016,09,수량,몽쉘딸기케이크(소)
352,2016,09,수량,박카스에이 캔
353,2016,09,수량,신라면
354,2016,09,수량,스프라이트
355,2016,09,수량,조지아맥스
356,2016,09,수량,칠성사이다(캔)
357,2016,09,수량,코카콜라(250㎖)
358,2016,09,수량,포카리캔
359,2016,09,수량,포카리스웨트 분말
360,2016,09,수량,파워에이드마운틴블라스트
361,2016,10,금액,뉴트리팩
362,2016,10,금액,듀이트리울트라바이탈라이징스네일크림
363,2016,10,금액,맥심모카골드마일드 커피믹스
364,2016,10,금액,몽쉘딸기케이크(소)
365,2016,10,금액,박카스에이캔
366,2016,10,금액,코카콜라(250㎖)
367,2016,10,금액,포카리캔
368,2016,10,금액,홍삼보운
369,2016,10,금액,홍삼원세트
370,2016,10,금액,홍삼정옥고
371,2016,10,수량,박카스에이 캔
372,2016,10,수량,신라면
373,2016,10,수량,스프라이트
374,2016,10,수량,조지아맥스
375,2016,10,수량,자유시간쿠키
376,2016,10,수량,칠성사이다(캔)
377,2016,10,수량,초코에몽
378,2016,10,수량,코카콜라(250㎖)
379,2016,10,수량,포카리캔
380,2016,10,수량,파워에이드마운틴블라스트
381,2016,11,금액,듀이트리울트라바이탈라이징스네일크림
382,2016,11,금액,맥심모카골드마일드 커피믹스
383,2016,11,금액,몽쉘딸기케이크(소)
384,2016,11,금액,보온대
385,2016,11,금액,울트라바이탈라이징스네일스페셜기프트세트
386,2016,11,금액,자민경크레마카라콜오리지날프리미어
387,2016,11,금액,코카콜라(250㎖)
388,2016,11,금액,홍삼보운
389,2016,11,금액,홍삼원세트
390,2016,11,금액,홍삼정옥고
391,2016,11,수량,몽쉘딸기케이크(소)
392,2016,11,수량,보온대
393,2016,11,수량,보온대(충성핫팩)주머니난로
394,2016,11,수량,신라면
395,2016,11,수량,아몬드빼빼로
396,2016,11,수량,조지아맥스
397,2016,11,수량,자유시간쿠키
398,2016,11,수량,칠성사이다(캔)
399,2016,11,수량,코카콜라(250㎖)
400,2016,11,수량,포카리캔
401,2016,12,금액,듀이트리울트라바이탈라이징스네일크림
402,2016,12,금액,맥심모카골드마일드 커피믹스
403,2016,12,금액,보온대
404,2016,12,금액,보온대(충성핫팩)주머니난로
405,2016,12,금액,울트라바이탈라이징스네일스페셜기프트세트
406,2016,12,금액,자민경크레마카라콜오리지날프리미어
407,2016,12,금액,코카콜라(250㎖)
408,2016,12,금액,홍삼보운
409,2016,12,금액,홍삼원세트
410,2016,12,금액,홍삼정옥고
411,2016,12,수량,보온대
412,2016,12,수량,보온대(충성핫팩)주머니난로
413,2016,12,수량,보온대(박상병핫팩)
414,2016,12,수량,신라면
415,2016,12,수량,육개장사발면
416,2016,12,수량,조지아맥스
417,2016,12,수량,초코에몽
418,2016,12,수량,칠성사이다(캔)
419,2016,12,수량,코카콜라(250㎖)
420,2016,12,수량,포카리캔
421,2017,01,금액,뉴트리팩
422,2017,01,금액,듀이트리울트라바이탈라이징스네일크림
423,2017,01,금액,보온대
424,2017,01,금액,스팸
425,2017,01,금액,울트라바이탈라이징스네일스페셜기프트세트
426,2017,01,금액,코카콜라(250㎖)
427,2017,01,금액,홍삼원세트
428,2017,01,금액,홍삼보운
429,2017,01,금액,홍삼정옥고
430,2017,01,금액,홍삼원골드
431,2017,01,수량,네스퀵 초코 웨하스
432,2017,01,수량,보온대
433,2017,01,수량,보온대(충성핫팩)주머니난로
434,2017,01,수량,보온대(박상병핫팩)
435,2017,01,수량,빅팜불닭
436,2017,01,수량,신라면
437,2017,01,수량,조지아맥스
438,2017,01,수량,칠성사이다(캔)
439,2017,01,수량,킷캣청키38g
440,2017,01,수량,코카콜라(250㎖)
441,2017,02,금액,듀이트리울트라바이탈라이징스네일크림
442,2017,02,금액,Dr.G레드-블래미쉬클리어크림_70ml
443,2017,02,금액,맥심모카골드마일드 커피믹스
444,2017,02,금액,몽쉘딸기케이크(소)
445,2017,02,금액,울트라바이탈라이징스네일스페셜기프트세트
446,2017,02,금액,자민경크레마카라콜오리지날프리미어
447,2017,02,금액,코카콜라(250㎖)
448,2017,02,금액,홍삼원세트
449,2017,02,금액,홍삼보운
450,2017,02,금액,홍삼정옥고
451,2017,02,수량,네스퀵 초코 웨하스
452,2017,02,수량,딸기 꿀딴지
453,2017,02,수량,빅팜불닭
454,2017,02,수량,신라면
455,2017,02,수량,육개장사발면
456,2017,02,수량,조지아맥스
457,2017,02,수량,칠성사이다(캔)
458,2017,02,수량,초코에몽
459,2017,02,수량,킷캣청키38g
460,2017,02,수량,코카콜라(250㎖)
461,2017,03,금액,뉴트리팩
462,2017,03,금액,듀이트리울트라바이탈라이징스네일크림
463,2017,03,금액,Dr.G레드-블래미쉬클리어크림_70ml
464,2017,03,금액,맥심모카골드마일드 커피믹스
465,2017,03,금액,몽쉘딸기케이크(소)
466,2017,03,금액,울트라바이탈라이징스네일스페셜기프트세트
467,2017,03,금액,코카콜라(250㎖)
468,2017,03,금액,홍삼원세트
469,2017,03,금액,홍삼보운
470,2017,03,금액,홍삼정옥고
471,2017,03,수량,디샤가나슈
472,2017,03,수량,딸기 꿀딴지
473,2017,03,수량,빅팜 불닭
474,2017,03,수량,신라면
475,2017,03,수량,육개장사발면
476,2017,03,수량,조지아맥스
477,2017,03,수량,칠성사이다(캔)
478,2017,03,수량,초코에몽
479,2017,03,수량,코카콜라(250㎖)
480,2017,03,수량,포카리캔
481,2017,04,금액,뉴트리팩
482,2017,04,금액,듀이트리울트라바이탈라이징스네일크림
483,2017,04,금액,Dr.G레드-블래미쉬클리어크림_70ml
484,2017,04,금액,맥심모카골드마일드 커피믹스
485,2017,04,금액,몽쉘딸기케이크(소)
486,2017,04,금액,울트라바이탈라이징스네일스페셜기프트세트
487,2017,04,금액,코카콜라(250㎖)
488,2017,04,금액,홍삼원세트
489,2017,04,금액,홍삼보운
490,2017,04,금액,홍삼정옥고
491,2017,04,수량,빅팜 불닭
492,2017,04,수량,신라면
493,2017,04,수량,오로나민C
494,2017,04,수량,육개장사발면
495,2017,04,수량,조지아맥스
496,2017,04,수량,칠성사이다(캔)
497,2017,04,수량,코카콜라(250㎖)
498,2017,04,수량,포카리캔
499,2017,04,수량,포카리스웨트 분말
500,2017,04,수량,파워에이드마운틴블라스트
501,2017,05,금액,뉴트리팩
502,2017,05,금액,듀이트리울트라바이탈라이징스네일크림
503,2017,05,금액,맥심모카골드마일드 커피믹스
504,2017,05,금액,몽쉘딸기케이크(소)
505,2017,05,금액,울트라바이탈라이징스네일스페셜기프트세트
506,2017,05,금액,코카콜라(250㎖)
507,2017,05,금액,포카리스웨트 분말
508,2017,05,금액,홍삼원세트
509,2017,05,금액,홍삼보운
510,2017,05,금액,홍삼정옥고
511,2017,05,수량,빅팜 불닭
512,2017,05,수량,신라면
513,2017,05,수량,석수
514,2017,05,수량,오로나민C
515,2017,05,수량,조지아맥스
516,2017,05,수량,칠성사이다(캔)
517,2017,05,수량,코카콜라(250㎖)
518,2017,05,수량,포카리캔
519,2017,05,수량,포카리스웨트 분말
520,2017,05,수량,파워에이드마운틴블라스트
521,2017,06,금액,뉴트리팩
522,2017,06,금액,듀이트리울트라바이탈라이징스네일크림
523,2017,06,금액,맥심모카골드마일드 커피믹스
524,2017,06,금액,맥심카누콜롬비아블랜드마일드로스트아메리카노
525,2017,06,금액,코카콜라(250㎖)
526,2017,06,금액,포카리스웨트 분말
527,2017,06,금액,포카리캔
528,2017,06,금액,홍삼원세트
529,2017,06,금액,홍삼보운
530,2017,06,금액,홍삼정옥고
531,2017,06,수량,빅팜 불닭
532,2017,06,수량,신라면
533,2017,06,수량,석수
534,2017,06,수량,오로나민C
535,2017,06,수량,조지아맥스
536,2017,06,수량,칠성사이다(캔)
537,2017,06,수량,코카콜라(250㎖)
538,2017,06,수량,포카리캔
539,2017,06,수량,포카리스웨트 분말
540,2017,06,수량,파워에이드마운틴블라스트
541,2017,07,금액,뉴트리팩
542,2017,07,금액,듀이트리울트라바이탈라이징스네일크림
543,2017,07,금액,맥심모카골드마일드 커피믹스
544,2017,07,금액,맥심카누콜롬비아블랜드마일드로스트아메리카노
545,2017,07,금액,코카콜라(250㎖)
546,2017,07,금액,포카리스웨트 분말
547,2017,07,금액,포카리캔
548,2017,07,금액,홍삼원세트
549,2017,07,금액,홍삼보운
550,2017,07,금액,홍삼정옥고
551,2017,07,수량,빅팜 불닭
552,2017,07,수량,박카스에이 캔
553,2017,07,수량,신라면
554,2017,07,수량,석수
555,2017,07,수량,조지아맥스
556,2017,07,수량,칠성사이다(캔)
557,2017,07,수량,코카콜라(250㎖)
558,2017,07,수량,포카리캔
559,2017,07,수량,포카리스웨트 분말
560,2017,07,수량,파워에이드마운틴블라스트
561,2017,08,금액,뉴트리팩
562,2017,08,금액,듀이트리울트라바이탈라이징스네일크림
563,2017,08,금액,맥심모카골드마일드 커피믹스
564,2017,08,금액,울트라바이탈라이징스네일스페셜기프트세트
565,2017,08,금액,위네이지 스네일 매직크림
566,2017,08,금액,코카콜라(250㎖)
567,2017,08,금액,포카리스웨트 분말
568,2017,08,금액,홍삼원세트
569,2017,08,금액,홍삼보운
570,2017,08,금액,홍삼정옥고
571,2017,08,수량,빅팜 불닭
572,2017,08,수량,스프라이트
573,2017,08,수량,신라면
574,2017,08,수량,석수
575,2017,08,수량,조지아맥스
576,2017,08,수량,칠성사이다(캔)
577,2017,08,수량,코카콜라(250㎖)
578,2017,08,수량,포카리캔
579,2017,08,수량,포카리스웨트 분말
580,2017,08,수량,파워에이드마운틴블라스트
581,2017,09,금액,뉴트리팩
582,2017,09,금액,듀이트리울트라바이탈라이징스네일크림
583,2017,09,금액,울트라바이탈라이징스네일스페셜기프트세트
584,2017,09,금액,위네이지 스네일 매직크림
585,2017,09,금액,코카콜라(250㎖)
586,2017,09,금액,홍삼원세트
587,2017,09,금액,홍삼보운
588,2017,09,금액,홍삼정옥고
589,2017,09,금액,홍삼원골드
590,2017,09,금액,하루홍삼
591,2017,09,수량,빅팜 불닭
592,2017,09,수량,박카스에이 캔
593,2017,09,수량,신라면
594,2017,09,수량,석수
595,2017,09,수량,조지아맥스
596,2017,09,수량,칠성사이다(캔)
597,2017,09,수량,코카콜라(250㎖)
598,2017,09,수량,포카리캔
599,2017,09,수량,포카리스웨트 분말
600,2017,09,수량,파워에이드마운틴블라스트
601,2017,10,금액,뉴트리팩
602,2017,10,금액,듀이트리울트라바이탈라이징스네일크림
603,2017,10,금액,Dr.G레드-블래미쉬클리어크림_70ml
604,2017,10,금액,맥심모카골드마일드 커피믹스
605,2017,10,금액,울트라바이탈라이징스네일스페셜기프트세트
606,2017,10,금액,위네이지 스네일 매직크림
607,2017,10,금액,코카콜라(250㎖)
608,2017,10,금액,홍삼원세트
609,2017,10,금액,홍삼보운
610,2017,10,금액,홍삼정옥고
611,2017,10,수량,빅팜 불닭
612,2017,10,수량,신라면
613,2017,10,수량,석수
614,2017,10,수량,육개장사발면
615,2017,10,수량,조지아맥스
616,2017,10,수량,칠성사이다(캔)
617,2017,10,수량,코카콜라(250㎖)
618,2017,10,수량,포카리캔
619,2017,10,수량,포카리스웨트 분말
620,2017,10,수량,파워에이드마운틴블라스트
621,2017,11,금액,듀이트리울트라바이탈라이징스네일크림
622,2017,11,금액,Dr.G레드-블래미쉬클리어크림_70ml
623,2017,11,금액,맥심모카골드마일드 커피믹스
624,2017,11,금액,보온대
625,2017,11,금액,울트라바이탈라이징스네일스페셜기프트세트
626,2017,11,금액,위네이지 스네일 매직크림
627,2017,11,금액,코카콜라(250㎖)
628,2017,11,금액,홍삼원세트
629,2017,11,금액,홍삼보운
630,2017,11,금액,홍삼정옥고
631,2017,11,수량,보온대
632,2017,11,수량,보온대(충성핫팩)주머니난로
633,2017,11,수량,빅팜 불닭
634,2017,11,수량,신라면
635,2017,11,수량,육개장사발면
636,2017,11,수량,아몬드빼빼로
637,2017,11,수량,조지아맥스
638,2017,11,수량,칠성사이다(캔)
639,2017,11,수량,코카콜라(250㎖)
640,2017,11,수량,파워에이드마운틴블라스트
641,2017,12,금액,듀이트리울트라바이탈라이징스네일크림
642,2017,12,금액,Dr.G레드-블래미쉬클리어크림_70ml
643,2017,12,금액,보온대(충성핫팩)주머니난로
644,2017,12,금액,보온대
645,2017,12,금액,울트라바이탈라이징스네일스페셜기프트세트
646,2017,12,금액,위네이지 스네일 매직크림
647,2017,12,금액,코카콜라(250㎖)
648,2017,12,금액,홍삼원세트
649,2017,12,금액,홍삼보운
650,2017,12,금액,홍삼정옥고
651,2017,12,수량,보온대
652,2017,12,수량,보온대(충성핫팩)주머니난로
653,2017,12,수량,보온대(박상병핫팩)
654,2017,12,수량,신라면
655,2017,12,수량,육개장사발면
656,2017,12,수량,조지아맥스
657,2017,12,수량,칠성사이다(캔)
658,2017,12,수량,코카콜라(250㎖)
659,2017,12,수량,킷캣청키38g
660,2017,12,수량,혹한기 보온대
661,2018,01,금액,듀이트리울트라바이탈라이징스네일크림
662,2018,01,금액,닥터지 블랙 스네일 크림_50ml
663,2018,01,금액,Dr.G레드-블래미쉬클리어크림_70ml
664,2018,01,금액,레종 프렌치블랙
665,2018,01,금액,말보로 골드 오리지널
666,2018,01,금액,위네이지 스네일 매직크림
667,2018,01,금액,에쎄체인지1mg
668,2018,01,금액,홍삼보운
669,2018,01,금액,홍삼원세트
670,2018,01,금액,홍삼정옥고
671,2018,01,수량,대용량주머니핫팩
672,2018,01,수량,레종 프렌치블랙
673,2018,01,수량,말보로 골드 오리지널
674,2018,01,수량,보온대
675,2018,01,수량,보온대(충성핫팩)주머니난로
676,2018,01,수량,신라면
677,2018,01,수량,참이슬fresh
678,2018,01,수량,코카콜라(250㎖)
679,2018,01,수량,카스맥주(캔)
680,2018,01,수량,킷캣청키38g
681,2018,02,금액,듀이트리울트라바이탈라이징스네일크림
682,2018,02,금액,닥터지 블랙 스네일 크림_50ml
683,2018,02,금액,Dr.G레드-블래미쉬클리어크림_70ml
684,2018,02,금액,레종 프렌치블랙
685,2018,02,금액,레종 휘바
686,2018,02,금액,말보로 골드 오리지널
687,2018,02,금액,위네이지 스네일 매직크림
688,2018,02,금액,홍삼보운
689,2018,02,금액,홍삼원세트
690,2018,02,금액,홍삼정옥고
691,2018,02,수량,레종 프렌치블랙
692,2018,02,수량,말보로 골드 오리지널
693,2018,02,수량,보온대
694,2018,02,수량,빅팜 불닭
695,2018,02,수량,신라면
696,2018,02,수량,육개장사발면
697,2018,02,수량,참이슬fresh
698,2018,02,수량,코카콜라(250㎖)
699,2018,02,수량,카스맥주(캔)
700,2018,02,수량,칠성사이다(캔)
701,2018,03,금액,듀이트리울트라바이탈라이징스네일크림
702,2018,03,금액,닥터지 블랙 스네일 크림_50ml
703,2018,03,금액,Dr.G레드-블래미쉬클리어크림_70ml
704,2018,03,금액,닥터지 레드 블레미쉬 수딩 토너_400ml
705,2018,03,금액,레종 프렌치블랙
706,2018,03,금액,레종 휘바
707,2018,03,금액,말보로 골드 오리지널
708,2018,03,금액,위네이지 스네일 매직크림
709,2018,03,금액,참존 마유크림 엑스트라 골든컴플렉스
710,2018,03,금액,홍삼보운
711,2018,03,수량,레종 프렌치블랙
712,2018,03,수량,말보로 골드 오리지널
713,2018,03,수량,빅팜 불닭
714,2018,03,수량,석수
715,2018,03,수량,신라면
716,2018,03,수량,육개장사발면
717,2018,03,수량,참이슬fresh
718,2018,03,수량,코카콜라(250㎖)
719,2018,03,수량,카스맥주(캔)
720,2018,03,수량,칠성사이다(캔)
721,2018,04,금액,닥터지 블랙 스네일 크림_50ml
722,2018,04,금액,듀이트리울트라바이탈라이징스네일크림
723,2018,04,금액,Dr.G레드-블래미쉬클리어크림_70ml
724,2018,04,금액,레종 프렌치블랙
725,2018,04,금액,레종 휘바
726,2018,04,금액,말보로 골드 오리지널
727,2018,04,금액,메비우스 엘에스에스 윈드블루
728,2018,04,금액,참존 마유크림 엑스트라 골든컴플렉스
729,2018,04,금액,홍삼보운
730,2018,04,금액,홍삼원세트
731,2018,04,수량,닥터지 블랙 스네일 크림_50ml
732,2018,04,수량,레종 프렌치블랙
733,2018,04,수량,말보로 골드 오리지널
734,2018,04,수량,신라면
735,2018,04,수량,제주삼다수 500ml
736,2018,04,수량,참이슬fresh
737,2018,04,수량,칠성사이다(캔)
738,2018,04,수량,코카콜라(250㎖)
739,2018,04,수량,카스맥주(캔)
740,2018,04,수량,포카리캔
741,2018,05,금액,닥터지 블랙 스네일 크림_50ml
742,2018,05,금액,듀이트리울트라바이탈라이징스네일크림
743,2018,05,금액,Dr.G레드-블래미쉬클리어크림_70ml
744,2018,05,금액,레종 프렌치블랙
745,2018,05,금액,레종 휘바
746,2018,05,금액,말보로 골드 오리지널
747,2018,05,금액,참존 마유크림 엑스트라 골든컴플렉스
748,2018,05,금액,홍삼보운
749,2018,05,금액,홍삼원세트
750,2018,05,금액,홍삼정옥고
751,2018,05,수량,닥터지 블랙 스네일 크림_50ml
752,2018,05,수량,레종 프렌치블랙
753,2018,05,수량,말보로 골드 오리지널
754,2018,05,수량,참이슬fresh
755,2018,05,수량,칠성사이다(캔)
756,2018,05,수량,코카콜라(250㎖)
757,2018,05,수량,카스맥주(캔)
758,2018,05,수량,포카리캔
759,2018,05,수량,파워에이드마운틴블라스트
760,2018,05,수량,포카리스웨트 분말
761,2018,06,금액,닥터지블랙스네일크림_50ml
762,2018,06,금액,말보로골드오리지널
763,2018,06,금액,레종프렌치블랙
764,2018,06,금액,레종휘바
765,2018,06,금액,홍삼보운
766,2018,06,금액,참존마유크림엑스트라골든컴플렉스
767,2018,06,금액,에쎄체인지1mg
768,2018,06,금액,홍삼정옥고
769,2018,06,금액,Dr.G레드-블래미쉬클리어크림_70ml
770,2018,06,금액,카스맥주(캔)
771,2018,06,수량,코카콜라(250㎖)
772,2018,06,수량,카스맥주(캔)
773,2018,06,수량,닥터지블랙스네일크림_50ml
774,2018,06,수량,참이슬fresh
775,2018,06,수량,말보로골드오리지널
776,2018,06,수량,포카리캔
777,2018,06,수량,칠성사이다(캔)
778,2018,06,수량,파워에이드마운틴블라스트
779,2018,06,수량,포카리스웨트분말
780,2018,06,수량,레종프렌치블랙
781,2018,07,금액,닥터지 블랙 스네일 크림_50ml
782,2018,07,금액,말보로 골드 오리지널
783,2018,07,금액,레종 프렌치블랙
784,2018,07,금액,레종 휘바
785,2018,07,금액,홍삼보운
786,2018,07,금액,에쎄체인지1mg
787,2018,07,금액,카스맥주(캔)
788,2018,07,금액,참존 마유크림 엑스트라 골든컴플렉스
789,2018,07,금액,홍삼정옥고
790,2018,07,금액,Dr.G레드-블래미쉬클리어크림_70ml
791,2018,07,수량,코카콜라(250㎖)
792,2018,07,수량,카스맥주(캔)
793,2018,07,수량,닥터지 블랙 스네일 크림_50ml
794,2018,07,수량,참이슬fresh
795,2018,07,수량,포카리스웨트 분말
796,2018,07,수량,포카리캔
797,2018,07,수량,파워에이드마운틴블라스트
798,2018,07,수량,말보로 골드 오리지널
799,2018,07,수량,칠성사이다(캔)
800,2018,07,수량,제주삼다수 500ml
801,2018,08,금액,닥터지 블랙 스네일 크림_50ml
802,2018,08,금액,말보로 골드 오리지널
803,2018,08,금액,레종 프렌치블랙
804,2018,08,금액,홍삼보운
805,2018,08,금액,레종 휘바
806,2018,08,금액,에쎄체인지1mg
807,2018,08,금액,카스맥주(캔)
808,2018,08,금액,홍삼원세트
809,2018,08,금액,홍삼정옥고
810,2018,08,금액,Dr.G레드-블래미쉬클리어크림_70ml
811,2018,08,수량,코카콜라(250㎖)
812,2018,08,수량,카스맥주(캔)
813,2018,08,수량,참이슬fresh
814,2018,08,수량,닥터지 블랙 스네일 크림_50ml
815,2018,08,수량,포카리스웨트 분말
816,2018,08,수량,포카리캔
817,2018,08,수량,파워에이드마운틴블라스트
818,2018,08,수량,칠성사이다(캔)
819,2018,08,수량,말보로 골드 오리지널
820,2018,08,수량,제주삼다수 500ml
821,2018,09,금액,닥터지 블랙 스네일 크림_50ml
822,2018,09,금액,홍삼보운
823,2018,09,금액,홍삼원세트
824,2018,09,금액,말보로 골드 오리지널
825,2018,09,금액,레종 프렌치블랙
826,2018,09,금액,홍삼정옥고
827,2018,09,금액,레종 휘바
828,2018,09,금액,뉴트리팩
829,2018,09,금액,하루홍삼
830,2018,09,금액,참존 마유크림 엑스트라 골든컴플렉스
831,2018,09,수량,카스맥주(캔)
832,2018,09,수량,닥터지 블랙 스네일 크림_50ml
833,2018,09,수량,코카콜라(250㎖)
834,2018,09,수량,참이슬fresh
835,2018,09,수량,메디힐 더블유에이치피 미백수분 블랙 마스크 이엑스
836,2018,09,수량,포카리스웨트 분말
837,2018,09,수량,말보로 골드 오리지널
838,2018,09,수량,칠성사이다(캔)
839,2018,09,수량,포카리캔
840,2018,09,수량,파워에이드마운틴블라스트
841,2018,10,금액,닥터지 블랙 스네일 크림_50ml
842,2018,10,금액,말보로 골드 오리지널
843,2018,10,금액,레종 프렌치블랙
844,2018,10,금액,홍삼보운
845,2018,10,금액,레종 휘바
846,2018,10,금액,홍삼정옥고
847,2018,10,금액,Dr.G레드-블래미쉬클리어크림_70ml
848,2018,10,금액,에쎄체인지1mg
849,2018,10,금액,참존 마유크림 엑스트라 골든컴플렉스
850,2018,10,금액,홍삼원세트
851,2018,10,수량,코카콜라(250㎖)
852,2018,10,수량,터지 블랙 스네일 크림_50ml
853,2018,10,수량,참이슬fresh
854,2018,10,수량,카스맥주(캔)
855,2018,10,수량,육개장사발면
856,2018,10,수량,칠성사이다(캔)
857,2018,10,수량,메디힐 더블유에이치피 미백수분 블랙 마스크 이엑스
858,2018,10,수량,말보로 골드 오리지널
859,2018,10,수량,제주삼다수 500ml
860,2018,10,수량,신라면
861,2018,11,금액,홍삼원세트
862,2018,11,금액,에쎄체인지1mg
863,2018,11,금액,레종 휘바
864,2018,11,금액,참존 마유크림 엑스트라 골든컴플렉스
865,2018,11,금액,Dr.G레드-블래미쉬클리어크림_70ml
866,2018,11,금액,홍삼보운
867,2018,11,금액,홍삼정옥고
868,2018,11,금액,레종 프렌치블랙
869,2018,11,금액,말보로 골드 오리지널
870,2018,11,금액,닥터지 블랙 스네일 크림_50ml
871,2018,11,수량,보온대
872,2018,11,수량,닥터지 블랙 스네일 크림_50ml
873,2018,11,수량,코카콜라(250㎖)
874,2018,11,수량,참이슬fresh
875,2018,11,수량,카스맥주(캔)
876,2018,11,수량,메디힐 더블유에이치피 미백수분 블랙 마스크 이엑스
877,2018,11,수량,육개장사발면
878,2018,11,수량,말보로 골드 오리지널
879,2018,11,수량,칠성사이다(캔)
880,2018,11,수량,아몬드빼빼로
881,2018,12,금액,닥터지 블랙 스네일 크림_50ml
882,2018,12,금액,말보로 골드 오리지널
883,2018,12,금액,레종 프렌치블랙
884,2018,12,금액,홍삼정옥고
885,2018,12,금액,Dr.G레드-블래미쉬클리어크림_70ml
886,2018,12,금액,참존 마유크림 엑스트라 골든컴플렉스
887,2018,12,금액,홍삼보운
888,2018,12,금액,레종 휘바
889,2018,12,금액,홍삼원세트
890,2018,12,금액,닥터지 레드 블레미쉬 멀티 플루이드_100ml
891,2018,12,수량,보온대
892,2018,12,수량,닥터지 블랙 스네일 크림_50ml
893,2018,12,수량,보온대(박상병핫팩)
894,2018,12,수량,참이슬fresh
895,2018,12,수량,코카콜라(250㎖)
896,2018,12,수량,카스맥주(캔)
897,2018,12,수량,보온대(충성핫팩)주머니난로
898,2018,12,수량,메디힐 더블유에이치피 미백수분 블랙 마스크 이엑스
899,2018,12,수량,육개장사발면
900,2018,12,수량,신라면
901,2019,01,금액,닥터지 블랙 스네일 크림_50ml
902,2019,01,금액,홍삼원세트
903,2019,01,금액,홍삼보운
904,2019,01,금액,홍삼정옥고
905,2019,01,금액,말보로 골드 오리지널
906,2019,01,금액,참존 마유크림 엑스트라 골든컴플렉스
907,2019,01,금액,Dr.G레드-블래미쉬클리어크림_70ml
908,2019,01,금액,레종 프렌치블랙
909,2019,01,금액,닥터지 레드 블레미쉬 멀티 플루이드_100ml
910,2019,01,금액,닥터지 레드 블레미쉬 수딩 토너_400ml
911,2019,01,수량,닥터지 블랙 스네일 크림_50ml
912,2019,01,수량,보온대
913,2019,01,수량,참이슬fresh
914,2019,01,수량,카스맥주(캔)
915,2019,01,수량,코카콜라(250㎖)
916,2019,01,수량,메디힐 더블유에이치피 미백수분 블랙 마스크 이엑스
917,2019,01,수량,육개장사발면
918,2019,01,수량,신라면
919,2019,01,수량,말보로 골드 오리지널
920,2019,01,수량,칠성사이다(캔)
921,2019,02,금액,닥터지 블랙 스네일 크림_50ml
922,2019,02,금액,말보로 골드 오리지널
923,2019,02,금액,홍삼보운
924,2019,02,금액,홍삼원세트
925,2019,02,금액,Dr.G레드-블래미쉬클리어크림_70ml
926,2019,02,금액,홍삼정옥고
927,2019,02,금액,참존 마유크림 엑스트라 골든컴플렉스
928,2019,02,금액,레종 프렌치블랙
929,2019,02,금액,닥터지 레드 블레미쉬 멀티 플루이드_100ml
930,2019,02,금액,닥터지 레드 블레미쉬 수딩 토너_400ml
931,2019,02,수량,닥터지 블랙 스네일 크림_50ml
932,2019,02,수량,코카콜라
933,2019,02,수량,참이슬fresh
934,2019,02,수량,카스맥주(캔)
935,2019,02,수량,메디힐 더블유에이치피 미백수분 블랙 마스크 이엑스
936,2019,02,수량,신라면
937,2019,02,수량,육개장사발면
938,2019,02,수량,칠성사이다(캔)
939,2019,02,수량,제주삼다수 500ml
940,2019,02,수량,말보로 골드 오리지널
941,2019,03,금액,닥터지 블랙 스네일 크림_50ml
942,2019,03,금액,말보로 골드 오리지널
943,2019,03,금액,Dr.G레드-블래미쉬클리어크림_70ml
944,2019,03,금액,홍삼정옥고
945,2019,03,금액,레종 프렌치블랙
946,2019,03,금액,참존 마유크림 엑스트라 골든컴플렉스
947,2019,03,금액,홍삼보운
948,2019,03,금액,닥터지 레드 블레미쉬 멀티 플루이드_100ml
949,2019,03,금액,닥터지 레드 블레미쉬 수딩 토너_400ml
950,2019,03,금액,레종 휘바
951,2019,03,수량,닥터지 블랙 스네일 크림_50ml
952,2019,03,수량,코카콜라
953,2019,03,수량,참이슬fresh
954,2019,03,수량,카스맥주(캔)
955,2019,03,수량,메디힐 더블유에이치피 미백수분 블랙 마스크 이엑스
956,2019,03,수량,신라면
957,2019,03,수량,육개장사발면
958,2019,03,수량,칠성사이다(캔)
959,2019,03,수량,제주삼다수 500ml
960,2019,03,수량,말보로 골드 오리지널
961,2019,04,금액,닥터지 블랙 스네일 크림_50ml
962,2019,04,금액,말보로 골드 오리지널
963,2019,04,금액,Dr.G레드-블래미쉬클리어크림_70ml
964,2019,04,금액,홍삼정옥고
965,2019,04,금액,레종 프렌치블랙
966,2019,04,금액,홍삼보운
967,2019,04,금액,닥터지 레드 블레미쉬 멀티 플루이드_100ml
968,2019,04,금액,참존 마유크림 엑스트라 골든컴플렉스
969,2019,04,금액,닥터지 레드 블레미쉬 수딩 토너_400ml
970,2019,04,금액,닥터지 메디유브이 울트라선
971,2019,04,수량,닥터지 블랙 스네일 크림_50ml
972,2019,04,수량,참이슬fresh
973,2019,04,수량,코카콜라
974,2019,04,수량,카스맥주(캔)
975,2019,04,수량,석수
976,2019,04,수량,제주삼다수 500ml
977,2019,04,수량,메디힐 더블유에이치피 미백수분 블랙 마스크 이엑스
978,2019,04,수량,칠성사이다(캔)
979,2019,04,수량,포카리캔
980,2019,04,수량,육개장사발면
981,2019,05,금액,닥터지 블랙 스네일 크림_50ml
982,2019,05,금액,Dr.G레드-블래미쉬클리어크림_70ml
983,2019,05,금액,말보로 골드 오리지널
984,2019,05,금액,홍삼정옥고
985,2019,05,금액,닥터지 메디유브이 울트라선
986,2019,05,금액,레종 프렌치블랙
987,2019,05,금액,홍삼보운
988,2019,05,금액,닥터지 레드 블레미쉬 멀티 플루이드_100ml
989,2019,05,금액,닥터지 레드 블레미쉬 수딩 토너_400ml
990,2019,05,금액,홍삼원세트
991,2019,05,수량,닥터지 블랙 스네일 크림_50ml
992,2019,05,수량,코카콜라
993,2019,05,수량,카스맥주(캔)
994,2019,05,수량,참이슬fresh
995,2019,05,수량,포카리캔
996,2019,05,수량,포카리스웨트 분말
997,2019,05,수량,제주삼다수 500ml
998,2019,05,수량,메디힐 더블유에이치피 미백수분 블랙 마스크 이엑스
999,2019,05,수량,칠성사이다(캔)
1000,2019,05,수량,파워에이드마운틴블라스트
1001,2019,06,금액,닥터지 블랙 스네일 크림_50ml
1002,2019,06,금액,Dr.G레드-블래미쉬클리어크림_70ml
1003,2019,06,금액,말보로 골드 오리지널
1004,2019,06,금액,홍삼정옥고
1005,2019,06,금액,레종 프렌치블랙
1006,2019,06,금액,닥터지 메디유브이 울트라선
1007,2019,06,금액,닥터지 레드 블레미쉬 수딩 토너_400ml
1008,2019,06,금액,닥터지 레드 블레미쉬 멀티 플루이드_100ml
1009,2019,06,금액,홍삼보운
1010,2019,06,금액,카스맥주(캔)
1011,2019,06,수량,카스맥주(캔)
1012,2019,06,수량,코카콜라
1013,2019,06,수량,닥터지 블랙 스네일 크림_50ml
1014,2019,06,수량,참이슬fresh
1015,2019,06,수량,포카리캔
1016,2019,06,수량,포카리스웨트 분말
1017,2019,06,수량,제주삼다수 500ml
1018,2019,06,수량,메디힐 더블유에이치피 미백수분 블랙 마스크 이엑스
1019,2019,06,수량,석수
1020,2019,06,수량,육개장사발면
1021,2019,07,금액,카스맥주(캔)
1022,2019,07,금액,닥터지 메디유브이 울트라선
1023,2019,07,금액,닥터지 레드 블레미쉬 수딩 토너_400ml
1024,2019,07,금액,닥터지 레드 블레미쉬 멀티 플루이드_100ml
1025,2019,07,금액,홍삼보운
1026,2019,07,금액,닥터지 블랙 스네일 크림_50ml
1027,2019,07,금액,Dr.G레드-블래미쉬클리어크림_70ml
1028,2019,07,금액,말보로 골드 오리지널
1029,2019,07,금액,레종 프렌치블랙
1030,2019,07,금액,홍삼정옥고
1031,2019,07,수량,포카리캔
1032,2019,07,수량,포카리스웨트 분말
1033,2019,07,수량,석수
1034,2019,07,수량,메디힐 더블유에이치피 미백수분 블랙 마스크 이엑스
1035,2019,07,수량,칠성사이다(캔)
1036,2019,07,수량,카스맥주(캔)
1037,2019,07,수량,코카콜라
1038,2019,07,수량,참이슬fresh
1039,2019,07,수량,닥터지 블랙 스네일 크림_50ml
1040,2019,07,수량,제주삼다수 500ml
1041,2019,08,금액,홍삼정옥고
1042,2019,08,금액,레종 프렌치블랙
1043,2019,08,금액,카스맥주(캔)
1044,2019,08,금액,닥터지 레드 블레미쉬 수딩 토너_400ml
1045,2019,08,금액,닥터지 레드 블레미쉬 멀티 플루이드_100ml
1046,2019,08,금액,닥터지 블랙 스네일 크림_50ml
1047,2019,08,금액,홍삼원세트
1048,2019,08,금액,Dr.G레드-블래미쉬클리어크림_70ml
1049,2019,08,금액,말보로 골드 오리지널
1050,2019,08,금액,홍삼보운
1051,2019,08,수량,육개장사발면
1052,2019,08,수량,석수
1053,2019,08,수량,신라면
1054,2019,08,수량,칠성사이다(캔)
1055,2019,08,수량,파워에이드마운틴블라스트
1056,2019,08,수량,카스맥주(캔)
1057,2019,08,수량,코카콜라
1058,2019,08,수량,참이슬fresh
1059,2019,08,수량,닥터지 블랙 스네일 크림_50ml
1060,2019,08,수량,제주삼다수 500ml
1061,2019,09,금액,말보로 골드 오리지널
1062,2019,09,금액,레종 프렌치블랙
1063,2019,09,금액,닥터지 레드 블레미쉬 멀티 플루이드_100ml
1064,2019,09,금액,닥터지 레드 블레미쉬 수딩 토너_400ml
1065,2019,09,금액,레종 휘바
1066,2019,09,금액,닥터지 블랙 스네일 크림_50ml
1067,2019,09,금액,홍삼원세트
1068,2019,09,금액,홍삼보운
1069,2019,09,금액,홍삼정옥고
1070,2019,09,금액,Dr.G레드-블래미쉬클리어크림_70ml
1071,2019,09,수량,신라면
1072,2019,09,수량,메디힐 더블유에이치피 미백수분 블랙 마스크 이엑스
1073,2019,09,수량,육개장사발면
1074,2019,09,수량,석수
1075,2019,09,수량,칠성사이다(캔)
1076,2019,09,수량,카스맥주(캔)
1077,2019,09,수량,닥터지 블랙 스네일 크림_50ml
1078,2019,09,수량,참이슬fresh
1079,2019,09,수량,코카콜라
1080,2019,09,수량,제주삼다수 500ml
1081,2019,10,금액,레종 휘바
1082,2019,10,금액,닥터지 레드 블레미쉬 멀티 플루이드_100ml
1083,2019,10,금액,닥터지 레드 블레미쉬 수딩 토너_400ml
1084,2019,10,금액,홍삼보운
1085,2019,10,금액,카스맥주(캔)
1086,2019,10,금액,닥터지 블랙 스네일 크림_50ml
1087,2019,10,금액,Dr.G레드-블래미쉬클리어크림_70ml
1088,2019,10,금액,말보로 골드 오리지널
1089,2019,10,금액,홍삼정옥고
1090,2019,10,금액,레종 프렌치블랙
1091,2019,10,수량,신라면
1092,2019,10,수량,제주삼다수 500ml
1093,2019,10,수량,메디힐 더블유에이치피 미백수분 블랙 마스크 이엑스
1094,2019,10,수량,석수 500ml
1095,2019,10,수량,칠성사이다(캔)
1096,2019,10,수량,카스맥주(캔)
1097,2019,10,수량,닥터지 블랙 스네일 크림_50ml
1098,2019,10,수량,참이슬fresh
1099,2019,10,수량,코카콜라
1100,2019,10,수량,육개장사발면
1101,2019,11,금액,홍삼정옥고
1102,2019,11,금액,말보로 골드 오리지널
1103,2019,11,금액,닥터지 레드 블레미쉬 멀티 플루이드_100ml
1104,2019,11,금액,닥터지 레드 블레미쉬 수딩 토너_400ml
1105,2019,11,금액,레종 프렌치블랙
1106,2019,11,금액,참존 마유크림 엑스트라 골든컴플렉스
1107,2019,11,금액,홍삼보운
1108,2019,11,금액,레종 휘바
1109,2019,11,금액,닥터지 블랙 스네일 크림_50ml
1110,2019,11,금액,Dr.G레드-블래미쉬클리어크림_70ml
1111,2019,11,수량,신라면
1112,2019,11,수량,육개장사발면
1113,2019,11,수량,제주삼다수 500ml
1114,2019,11,수량,메디힐 더블유에이치피 미백수분 블랙 마스크 이엑스
1115,2019,11,수량,석수 500ml
1116,2019,11,수량,보온대
1117,2019,11,수량,닥터지 블랙 스네일 크림_50ml
1118,2019,11,수량,참이슬fresh
1119,2019,11,수량,카스맥주(캔)
1120,2019,11,수량,코카콜라 250ML
1121,2019,12,금액,참존 마유크림 엑스트라 골든컴플렉스
1122,2019,12,금액,닥터지 레드 블레미쉬 수딩 토너_400ml
1123,2019,12,금액,홍삼보운
1124,2019,12,금액,홍삼원세트
1125,2019,12,금액,레종 프렌치블랙
1126,2019,12,금액,닥터지 블랙 스네일 크림_50ml
1127,2019,12,금액,Dr.G레드-블래미쉬클리어크림_70ml
1128,2019,12,금액,홍삼정옥고
1129,2019,12,금액,말보로 골드 오리지널
1130,2019,12,금액,닥터지 레드 블레미쉬 멀티 플루이드_100ml
1131,2019,12,수량,신라면
1132,2019,12,수량,보온대(충성핫팩)주머니난로
1133,2019,12,수량,보온대(박상병핫팩)
1134,2019,12,수량,육개장사발면
1135,2019,12,수량,메디힐 더블유에이치피 미백수분 블랙 마스크 이엑스
1136,2019,12,수량,보온대
1137,2019,12,수량,닥터지 블랙 스네일 크림_50ml
1138,2019,12,수량,참이슬fresh
1139,2019,12,수량,카스맥주(캔)
1140,2019,12,수량,코카콜라 250ML
1141,2020,01,금액,닥터지 레드 블레미쉬 멀티 플루이드_100ml
1142,2020,01,금액,참존 마유크림 엑스트라 골든컴플렉스
1143,2020,01,금액,말보로 골드 오리지널
1144,2020,01,금액,닥터지 레드 블레미쉬 수딩 토너_400ml
1145,2020,01,금액,레종 프렌치블랙
1146,2020,01,금액,닥터지 블랙 스네일 크림_50ml
1147,2020,01,금액,홍삼원세트
1148,2020,01,금액,홍삼보운
1149,2020,01,금액,홍삼진고
1150,2020,01,금액,Dr.G레드-블래미쉬클리어크림_70ml
1151,2020,01,수량,보온대
1152,2020,01,수량,육개장사발면
1153,2020,01,수량,메디힐 더블유에이치피 미백수분 블랙 마스크 이엑스
1154,2020,01,수량,제주삼다수 500ml
1155,2020,01,수량,맛있는오뚜기밥
1156,2020,01,수량,닥터지 블랙 스네일 크림_50ml
1157,2020,01,수량,참이슬fresh
1158,2020,01,수량,카스맥주(캔)
1159,2020,01,수량,코카콜라 250ML
1160,2020,01,수량,신라면
1161,2020,02,금액,레종 프렌치블랙
1162,2020,02,금액,닥터지 레드 블레미쉬 멀티 플루이드_100ml
1163,2020,02,금액,레종 휘바
1164,2020,02,금액,에쎄 체인지 히말라야
1165,2020,02,금액,닥터지 레드 블레미쉬 수딩 토너_400ml
1166,2020,02,금액,닥터지 블랙 스네일 크림_50ml
1167,2020,02,금액,Dr.G레드-블래미쉬클리어크림_70ml
1168,2020,02,금액,말보로 골드 오리지널
1169,2020,02,금액,메디힐 캘러스 멀티 골드 리프팅 크림
1170,2020,02,금액,홍삼진고
1171,2020,02,수량,신라면
1172,2020,02,수량,육개장사발면
1173,2020,02,수량,맛있는오뚜기밥
1174,2020,02,수량,제주삼다수 500ml
1175,2020,02,수량,하리보 메가룰렛사우어45g
1176,2020,02,수량,코카콜라 250ML
1177,2020,02,수량,참이슬fresh
1178,2020,02,수량,닥터지 블랙 스네일 크림_50ml
1179,2020,02,수량,카스맥주(캔)
1180,2020,02,수량,씨에스보건용마스크(KF94대형)블랙단품
1181,2020,03,금액,에쎄 체인지 히말라야
1182,2020,03,금액,Dr.G레드-블래미쉬클리어크림_70ml
1183,2020,03,금액,에쎄체인지1mg
1184,2020,03,금액,홍삼진고
1185,2020,03,금액,보헴시가넘버6
1186,2020,03,금액,메디힐 캘러스 멀티 골드 리프팅 크림
1187,2020,03,금액,닥터지 블랙 스네일 크림_50ml
1188,2020,03,금액,말보로 골드 오리지널
1189,2020,03,금액,레종 프렌치블랙
1190,2020,03,금액,레종 휘바
1191,2020,03,수량,육개장사발면
1192,2020,03,수량,신라면
1193,2020,03,수량,몬스터에너지 울트라
1194,2020,03,수량,올리브짜파게티
1195,2020,03,수량,칠성사이다(캔)
1196,2020,03,수량,코카콜라 250ML
1197,2020,03,수량,참이슬fresh(121001)
1198,2020,03,수량,테라캔 355ml
1199,2020,03,수량,맛있는오뚜기밥
1200,2020,03,수량,카스맥주(캔)
1201,2020,04,금액,레종 휘바
1202,2020,04,금액,홍삼진고
1203,2020,04,금액,에쎄 체인지 히말라야
1204,2020,04,금액,에쎄체인지1mg
1205,2020,04,금액,참이슬fresh
1206,2020,04,금액,메디힐 캘러스 멀티 골드 리프팅 크림
1207,2020,04,금액,닥터지 블랙 스네일 크림_50ml
1208,2020,04,금액,말보로 골드 오리지널
1209,2020,04,금액,레종 프렌치블랙
1210,2020,04,금액,Dr.G레드-블래미쉬클리어크림_70ml
1211,2020,04,수량,맛있는오뚜기밥
1212,2020,04,수량,육개장사발면
1213,2020,04,수량,칠성사이다(캔)
1214,2020,04,수량,신라면
1215,2020,04,수량,닥터지 블랙 스네일 크림_50ml
1216,2020,04,수량,코카콜라
1217,2020,04,수량,참이슬fresh
1218,2020,04,수량,카스맥주(캔)
1219,2020,04,수량,테라캔 355ml
1220,2020,04,수량,몬스터에너지 울트라
1221,2020,05,금액,닥터지 레드 블레미쉬 멀티 플루이드_100ml
1222,2020,05,금액,닥터지 레드 블레미쉬 수딩 토너_400ml
1223,2020,05,금액,홍삼보운
1224,2020,05,금액,홍삼원세트
1225,2020,05,금액,레종 프렌치블랙
1226,2020,05,금액,메디힐 캘러스 멀티 골드 리프팅 크림
1227,2020,05,금액,닥터지 블랙 스네일 크림_50ml
1228,2020,05,금액,Dr.G레드-블래미쉬클리어크림_70ml
1229,2020,05,금액,홍삼진고
1230,2020,05,금액,닥터지 메디유브이 울트라선
1231,2020,05,수량,몬스터에너지 울트라
1232,2020,05,수량,육개장사발면
1233,2020,05,수량,제주삼다수 500ml
1234,2020,05,수량,칠성사이다(캔)
1235,2020,05,수량,신라면
1236,2020,05,수량,테라캔 355ml
1237,2020,05,수량,참이슬fresh
1238,2020,05,수량,카스맥주(캔)
1239,2020,05,수량,코카콜라
1240,2020,05,수량,닥터지 블랙 스네일 크림_50ml
1241,2020,06,금액,말보로 골드 오리지널
1242,2020,06,금액,에쎄 체인지 히말라야
1243,2020,06,금액,레종 프렌치블랙
1244,2020,06,금액,카스맥주(캔)
1245,2020,06,금액,닥터지 레드 블레미쉬 수딩 토너_400ml
1246,2020,06,금액,메디힐 캘러스 멀티 골드 리프팅 크림
1247,2020,06,금액,닥터지 블랙 스네일 크림_50ml
1248,2020,06,금액,Dr.G레드-블래미쉬클리어크림_70ml
1249,2020,06,금액,홍삼진고
1250,2020,06,금액,닥터지 메디유브이 울트라선
1251,2020,06,수량,몬스터에너지 울트라
1252,2020,06,수량,육개장사발면
1253,2020,06,수량,파워에이드마운틴블라스트
1254,2020,06,수량,석수
1255,2020,06,수량,칠성사이다(캔)
1256,2020,06,수량,테라캔 355ml
1257,2020,06,수량,코카콜라
1258,2020,06,수량,참이슬fresh
1259,2020,06,수량,카스맥주(캔)
1260,2020,06,수량,제주삼다수 500ml
1261,2020,07,금액,카스맥주(캔)
1262,2020,07,금액,말보로 골드 오리지널
1263,2020,07,금액,레종 프렌치블랙
1264,2020,07,금액,참이슬fresh
1265,2020,07,금액,에쎄체인지1mg
1266,2020,07,금액,메디힐 캘러스 멀티 골드 리프팅 크림
1267,2020,07,금액,닥터지 블랙 스네일 크림_50ml
1268,2020,07,금액,Dr.G레드-블래미쉬클리어크림_70ml
1269,2020,07,금액,홍삼진고
1270,2020,07,금액,에쎄 체인지 히말라야
1271,2020,07,수량,제주삼다수 500ml
1272,2020,07,수량,육개장사발면
1273,2020,07,수량,포카리캔
1274,2020,07,수량,신라면
1275,2020,07,수량,칠성사이다(캔)
1276,2020,07,수량,테라캔 355ml
1277,2020,07,수량,카스맥주(캔)
1278,2020,07,수량,참이슬fresh
1279,2020,07,수량,코카콜라
1280,2020,07,수량,몬스터에너지 울트라
1281,2020,08,금액,레종 프렌치블랙
1282,2020,08,금액,홍삼진고
1283,2020,08,금액,레종 휘바
1284,2020,08,금액,에쎄체인지1mg
1285,2020,08,금액,카스맥주(캔)
1286,2020,08,금액,메디힐 캘러스 멀티 골드 리프팅 크림
1287,2020,08,금액,닥터지 블랙 스네일 크림_50ml
1288,2020,08,금액,에쎄 체인지 히말라야
1289,2020,08,금액,Dr.G레드-블래미쉬클리어크림_70ml
1290,2020,08,금액,말보로 골드 오리지널
1291,2020,08,수량,육개장사발면
1292,2020,08,수량,맛있는오뚜기밥
1293,2020,08,수량,제주삼다수 500ml
1294,2020,08,수량,칠성사이다(캔)
1295,2020,08,수량,신라면
1296,2020,08,수량,테라캔 355ml
1297,2020,08,수량,카스맥주(캔)
1298,2020,08,수량,참이슬fresh
1299,2020,08,수량,코카콜라
1300,2020,08,수량,몬스터에너지 울트라
1301,2020,09,금액,에쎄 체인지 히말라야
1302,2020,09,금액,Dr.G레드-블래미쉬클리어크림_70ml
1303,2020,09,금액,말보로 골드 오리지널
1304,2020,09,금액,참이슬fresh
1305,2020,09,금액,레종 프렌치블랙
1306,2020,09,금액,메디힐 캘러스 멀티 골드 리프팅 크림
1307,2020,09,금액,홍삼원세트
1308,2020,09,금액,닥터지 블랙 스네일 크림_50ml
1309,2020,09,금액,홍삼보운
1310,2020,09,금액,홍삼진고
1311,2020,09,수량,보온대
1312,2020,09,수량,육개장사발면
1313,2020,09,수량,맛있는오뚜기밥
1314,2020,09,수량,신라면
1315,2020,09,수량,칠성사이다(캔)
1316,2020,09,수량,테라캔 355ml
1317,2020,09,수량,참이슬fresh
1318,2020,09,수량,카스맥주(캔)
1319,2020,09,수량,코카콜라
1320,2020,09,수량,몬스터에너지 울트라
1321,2020,10,금액,말보로 골드 오리지널
1322,2020,10,금액,참이슬fresh
1323,2020,10,금액,닥터지 레드 블레미쉬 멀티 플루이드_100ml
1324,2020,10,금액,레종 프렌치블랙
1325,2020,10,금액,닥터지 레드 블레미쉬 수딩 토너_400ml
1326,2020,10,금액,메디힐 캘러스 멀티 골드 리프팅 크림
1327,2020,10,금액,닥터지 블랙 스네일 크림_50ml
1328,2020,10,금액,Dr.G레드-블래미쉬클리어크림_70ml
1329,2020,10,금액,홍삼진고
1330,2020,10,금액,에쎄 체인지 히말라야
1331,2020,10,수량,몬스터에너지 울트라
1332,2020,10,수량,보온대(충성핫팩)주머니난로
1333,2020,10,수량,육개장사발면
1334,2020,10,수량,마이핫보온대(장병용)
1335,2020,10,수량,닥터지 블랙 스네일 크림_50ml
1336,2020,10,수량,테라캔 355ml
1337,2020,10,수량,참이슬fresh
1338,2020,10,수량,보온대
1339,2020,10,수량,코카콜라
1340,2020,10,수량,카스맥주(캔)
1341,2020,11,금액,말보로 골드 오리지널
1342,2020,11,금액,참이슬fresh
1343,2020,11,금액,닥터지 레드 블레미쉬 멀티 플루이드_100ml
1344,2020,11,금액,테라캔 355ml
1345,2020,11,금액,몬스터에너지 울트라
1346,2020,11,금액,메디힐 캘러스 멀티 골드 리프팅 크림
1347,2020,11,금액,닥터지 블랙 스네일 크림_50ml
1348,2020,11,금액,Dr.G레드-블래미쉬클리어크림_70ml
1349,2020,11,금액,홍삼진고
1350,2020,11,금액,에쎄 체인지 히말라야
1351,2020,11,수량,보온대(충성핫팩)주머니난로
1352,2020,11,수량,코카콜라
1353,2020,11,수량,카스맥주(캔)
1354,2020,11,수량,몬스터에너지 울트라
1355,2020,11,수량,육개장사발면
1356,2020,11,수량,보온대
1357,2020,11,수량,테라캔 355ml
1358,2020,11,수량,참이슬fresh
1359,2020,11,수량,보온대(박상병핫팩)
1360,2020,11,수량,닥터지 블랙 스네일 크림_50ml
1361,2020,12,금액,참이슬fresh
1362,2020,12,금액,홍삼진고
1363,2020,12,금액,레종 프렌치블랙
1364,2020,12,금액,몬스터에너지 울트라
1365,2020,12,금액,레종 휘바
1366,2020,12,금액,메디힐 캘러스 멀티 골드 리프팅 크림
1367,2020,12,금액,닥터지 블랙 스네일 크림_50ml
1368,2020,12,금액,에쎄 체인지 히말라야
1369,2020,12,금액,Dr.G레드-블래미쉬클리어크림_70ml
1370,2020,12,금액,말보로 골드 오리지널
1371,2020,12,수량,카스맥주(캔)
1372,2020,12,수량,보온대(충성핫팩)주머니난로
1373,2020,12,수량,육개장사발면
1374,2020,12,수량,신라면
1375,2020,12,수량,맛있는오뚜기밥
1376,2020,12,수량,테라캔 355ml
1377,2020,12,수량,보온대
1378,2020,12,수량,참이슬fresh
1379,2020,12,수량,코카콜라
1380,2020,12,수량,몬스터에너지 울트라
1381,2021,01,금액,말보로 골드 오리지널
1382,2021,01,금액,Dr.G레드-블래미쉬클리어크림_70ml
1383,2021,01,금액,참이슬fresh
1384,2021,01,금액,홍삼진고
1385,2021,01,금액,레종 프렌치블랙
1386,2021,01,금액,메디힐 캘러스 멀티 골드 리프팅 크림
1387,2021,01,금액,닥터지 블랙 스네일 크림_50ml
1388,2021,01,금액,다이아몬드 리페어 퍼펙트 세트
1389,2021,01,금액,에쎄 체인지 히말라야
1390,2021,01,금액,홍삼원세트
1391,2021,01,수량,보온대
1392,2021,01,수량,맛있는오뚜기밥
1393,2021,01,수량,육개장사발면
1394,2021,01,수량,신라면
1395,2021,01,수량,닥터지 블랙 스네일 크림_50ml
1396,2021,01,수량,테라캔 355ml
1397,2021,01,수량,참이슬fresh
1398,2021,01,수량,몬스터에너지 울트라
1399,2021,01,수량,코카콜라
1400,2021,01,수량,카스맥주(캔)
1401,2021,02,금액,에쎄 체인지 히말라야
1402,2021,02,금액,홍삼보운
1403,2021,02,금액,참이슬fresh
1404,2021,02,금액,말보로 골드 오리지널
1405,2021,02,금액,홍삼진고
1406,2021,02,금액,메디힐 캘러스 멀티 골드 리프팅 크림
1407,2021,02,금액,닥터지 블랙 스네일 크림_50ml
1408,2021,02,금액,다이아몬드 리페어 퍼펙트 세트
1409,2021,02,금액,홍삼원세트
1410,2021,02,금액,Dr.G레드-블래미쉬클리어크림_70ml
1411,2021,02,수량,닥터지 블랙 스네일 크림_50ml
1412,2021,02,수량,육개장사발면
1413,2021,02,수량,신라면
1414,2021,02,수량,맛있는오뚜기밥
1415,2021,02,수량,제주삼다수 500ml
1416,2021,02,수량,테라캔 355ml
1417,2021,02,수량,참이슬fresh
1418,2021,02,수량,카스맥주(캔)
1419,2021,02,수량,코카콜라
1420,2021,02,수량,몬스터에너지 울트라
1421,2021,03,금액,참이슬fresh
1422,2021,03,금액,테라캔 355ml
1423,2021,03,금액,몬스터에너지 울트라
1424,2021,03,금액,말보로 골드 오리지널
1425,2021,03,금액,카스맥주(캔)
1426,2021,03,금액,다이아몬드 리페어 퍼펙트 세트
1427,2021,03,금액,닥터지 블랙 스네일 크림_50ml
1428,2021,03,금액,메디힐 캘러스 멀티 골드 리프팅 크림
1429,2021,03,금액,Dr.G레드-블래미쉬클리어크림_70ml
1430,2021,03,금액,에쎄 체인지 히말라야
1431,2021,03,수량,육개장사발면
1432,2021,03,수량,닥터지 블랙 스네일 크림_50ml
1433,2021,03,수량,제주삼다수 500ml
1434,2021,03,수량,맛있는오뚜기밥
1435,2021,03,수량,신라면
1436,2021,03,수량,테라캔 355ml
1437,2021,03,수량,참이슬fresh
1438,2021,03,수량,코카콜라
1439,2021,03,수량,카스맥주(캔)
1440,2021,03,수량,몬스터에너지 울트라
1441,2021,04,금액,참이슬fresh
1442,2021,04,금액,몬스터에너지 울트라
1443,2021,04,금액,테라캔 355ml
1444,2021,04,금액,카스맥주(캔)
1445,2021,04,금액,말보로 골드 오리지널
1446,2021,04,금액,다이아몬드 리페어 퍼펙트 세트
1447,2021,04,금액,닥터지 블랙 스네일 크림_50ml
1448,2021,04,금액,메디힐 캘러스 멀티 골드 리프팅 크림
1449,2021,04,금액,Dr.G레드-블래미쉬클리어크림_70ml
1450,2021,04,금액,에쎄 체인지 히말라야
1451,2021,04,수량,육개장사발면
1452,2021,04,수량,제주삼다수 500ml
1453,2021,04,수량,신라면
1454,2021,04,수량,석수
1455,2021,04,수량,맛있는오뚜기밥
1456,2021,04,수량,테라캔 355ml
1457,2021,04,수량,참이슬fresh
1458,2021,04,수량,코카콜라
1459,2021,04,수량,카스맥주(캔)
1460,2021,04,수량,몬스터에너지 울트라
1461,2021,05,금액,참이슬fresh
1462,2021,05,금액,몬스터에너지 울트라
1463,2021,05,금액,테라캔 355ml
1464,2021,05,금액,카스맥주(캔)
1465,2021,05,금액,말보로 골드 오리지널
1466,2021,05,금액,다이아몬드 리페어 퍼펙트 세트
1467,2021,05,금액,닥터지 블랙 스네일 크림_50ml
1468,2021,05,금액,메디힐 캘러스 멀티 골드 리프팅 크림
1469,2021,05,금액,Dr.G레드-블래미쉬클리어크림_70ml
1470,2021,05,금액,에쎄 체인지 히말라야
1471,2021,05,수량,육개장사발면
1472,2021,05,수량,제주삼다수 500ml
1473,2021,05,수량,칠성사이다(캔)
1474,2021,05,수량,신라면
1475,2021,05,수량,테라캔 500ml
1476,2021,05,수량,테라캔 355ml
1477,2021,05,수량,참이슬fresh
1478,2021,05,수량,카스맥주(캔)
1479,2021,05,수량,몬스터에너지 울트라
1480,2021,05,수량,코카콜라
1481,2021,06,금액,몬스터에너지 울트라
1482,2021,06,금액,테라캔 355ml
1483,2021,06,금액,참이슬fresh
1484,2021,06,금액,카스맥주(캔)
1485,2021,06,금액,말보로 골드 오리지널
1486,2021,06,금액,다이아몬드 리페어 퍼펙트 세트
1487,2021,06,금액,닥터지 블랙 스네일 크림_50ml
1488,2021,06,금액,메디힐 캘러스 멀티 골드 리프팅 크림
1489,2021,06,금액,에쎄 체인지 히말라야
1490,2021,06,금액,Dr.G레드-블래미쉬클리어크림_70ml
1491,2021,06,수량,파워에이드마운틴블라스트
1492,2021,06,수량,칠성사이다(캔)
1493,2021,06,수량,석수
1494,2021,06,수량,육개장사발면
1495,2021,06,수량,제주삼다수 500ml
1496,2021,06,수량,테라캔 355ml
1497,2021,06,수량,참이슬fresh
1498,2021,06,수량,코카콜라
1499,2021,06,수량,몬스터에너지 울트라
1500,2021,06,수량,카스맥주(캔)
1501,2021,07,금액,몬스터에너지 울트라
1502,2021,07,금액,Dr.G레드-블래미쉬클리어크림_70ml
1503,2021,07,금액,카스맥주(캔)
1504,2021,07,금액,참이슬fresh
1505,2021,07,금액,말보로 골드 오리지널
1506,2021,07,금액,다이아몬드 리페어 퍼펙트 세트
1507,2021,07,금액,닥터지 블랙 스네일 크림_50ml
1508,2021,07,금액,메디힐 캘러스 멀티 골드 리프팅 크림
1509,2021,07,금액,에쎄 체인지 히말라야
1510,2021,07,금액,테라캔 355ml
1511,2021,07,수량,제주삼다수 500ml
1512,2021,07,수량,파워에이드마운틴블라스트
1513,2021,07,수량,포카리캔
1514,2021,07,수량,육개장사발면
1515,2021,07,수량,테라캔 500ml
1516,2021,07,수량,테라캔 355ml
1517,2021,07,수량,참이슬fresh
1518,2021,07,수량,카스맥주(캔)
1519,2021,07,수량,코카콜라
1520,2021,07,수량,몬스터에너지 울트라
1521,2021,08,금액,테라캔 355ml
1522,2021,08,금액,Dr.G레드-블래미쉬클리어크림_70ml
1523,2021,08,금액,참이슬fresh
1524,2021,08,금액,카스맥주(캔)
1525,2021,08,금액,말보로 골드 오리지널
1526,2021,08,금액,다이아몬드 리페어 퍼펙트 세트
1527,2021,08,금액,닥터지 블랙 스네일 크림_50ml
1528,2021,08,금액,메디힐 캘러스 멀티 골드 리프팅 크림
1529,2021,08,금액,에쎄 체인지 히말라야
1530,2021,08,금액,몬스터에너지 울트라
1531,2021,08,수량,제주삼다수 500ml
1532,2021,08,수량,파워에이드마운틴블라스트
1533,2021,08,수량,육개장사발면
1534,2021,08,수량,포카리캔
1535,2021,08,수량,신라면
1536,2021,08,수량,테라캔 355ml
1537,2021,08,수량,참이슬fresh
1538,2021,08,수량,몬스터에너지 울트라
1539,2021,08,수량,코카콜라
1540,2021,08,수량,카스맥주(캔)
1541,2021,09,금액,테라캔 355ml
1542,2021,09,금액,Dr.G레드-블래미쉬클리어크림_70ml
1543,2021,09,금액,에쎄 체인지 히말라야
1544,2021,09,금액,참이슬fresh
1545,2021,09,금액,몬스터에너지 울트라
1546,2021,09,금액,다이아몬드 리페어 퍼펙트 세트
1547,2021,09,금액,닥터지 블랙 스네일 크림_50ml
1548,2021,09,금액,홍삼원세트
1549,2021,09,금액,메디힐 캘러스 멀티 골드 리프팅 크림
1550,2021,09,금액,홍삼보운
1551,2021,09,수량,육개장사발면
1552,2021,09,수량,신라면
1553,2021,09,수량,나랑드사이다(캔)
1554,2021,09,수량,제주삼다수 500ml
1555,2021,09,수량,테라캔 500ml
1556,2021,09,수량,테라캔 355ml
1557,2021,09,수량,참이슬fresh
1558,2021,09,수량,카스맥주(캔)
1559,2021,09,수량,몬스터에너지 울트라
1560,2021,09,수량,코카콜라
1561,2021,10,금액,에쎄 체인지 히말라야
1562,2021,10,금액,테라캔 355ml
1563,2021,10,금액,참이슬fresh
1564,2021,10,금액,카스맥주(캔)
1565,2021,10,금액,말보로 골드 오리지널
1566,2021,10,금액,다이아몬드 리페어 퍼펙트 세트
1567,2021,10,금액,닥터지 블랙 스네일 크림_50ml
1568,2021,10,금액,메디힐 캘러스 멀티 골드 리프팅 크림
1569,2021,10,금액,Dr.G레드-블래미쉬클리어크림_70ml
1570,2021,10,금액,몬스터에너지 울트라
1571,2021,10,수량,카스맥주(캔)
1572,2021,10,수량,보온대(박상병핫팩)
1573,2021,10,수량,신라면
1574,2021,10,수량,육개장사발면
1575,2021,10,수량,보온대(충성핫팩)주머니난로
1576,2021,10,수량,테라캔 355ml
1577,2021,10,수량,카스맥주(캔)
1578,2021,10,수량,보온대
1579,2021,10,수량,코카콜라
1580,2021,10,수량,몬스터에너지 울트라
1581,2021,11,금액,몬스터에너지 울트라
1582,2021,11,금액,테라캔 355ml
1583,2021,11,금액,에쎄 체인지 히말라야
1584,2021,11,금액,카스맥주(캔)
1585,2021,11,금액,보온대
1586,2021,11,금액,다이아몬드 리페어 퍼펙트 세트
1587,2021,11,금액,닥터지 블랙 스네일 크림_50ml
1588,2021,11,금액,메디힐 캘러스 멀티 골드 리프팅 크림
1589,2021,11,금액,Dr.G레드-블래미쉬클리어크림_70ml
1590,2021,11,금액,참이슬fresh
1591,2021,11,수량,보온대(충성핫팩)주머니난로
1592,2021,11,수량,보온대(박상병핫팩)
1593,2021,11,수량,마이핫보온대(장병용)
1594,2021,11,수량,카스맥주(캔)
1595,2021,11,수량,육개장사발면
1596,2021,11,수량,보온대
1597,2021,11,수량,테라캔 355ml
1598,2021,11,수량,참이슬fresh
1599,2021,11,수량,코카콜라
1600,2021,11,수량,몬스터에너지 울트라
1601,2021,12,금액,몬스터에너지 울트라
1602,2021,12,금액,테라캔 355ml
1603,2021,12,금액,에쎄 체인지 히말라야
1604,2021,12,금액,카스맥주(캔)
1605,2021,12,금액,닥터지 레드 블레미쉬 멀티 플루이드_100ml
1606,2021,12,금액,다이아몬드 리페어 퍼펙트 세트
1607,2021,12,금액,닥터지 블랙 스네일 크림_50ml
1608,2021,12,금액,메디힐 캘러스 멀티 골드 리프팅 크림
1609,2021,12,금액,Dr.G레드-블래미쉬클리어크림_70ml
1610,2021,12,금액,참이슬fresh
1611,2021,12,수량,카스맥주(캔)
1612,2021,12,수량,보온대(박상병핫팩)
1613,2021,12,수량,육개장사발면
1614,2021,12,수량,신라면
1615,2021,12,수량,제주삼다수 500ml
1616,2021,12,수량,테라캔 355ml
1617,2021,12,수량,보온대
1618,2021,12,수량,참이슬fresh
1619,2021,12,수량,코카콜라
1620,2021,12,수량,몬스터에너지 울트라
1621,2022,01,금액,몬스터에너지 울트라
1622,2022,01,금액,테라캔 355ml
1623,2022,01,금액,홍삼보운
1624,2022,01,금액,카스맥주(캔)
1625,2022,01,금액,홍삼원세트
1626,2022,01,금액,다이아몬드 리페어 퍼펙트 세트
1627,2022,01,금액,닥터지 블랙 스네일 크림_50ml
1628,2022,01,금액,메디힐 캘러스 멀티 골드 리프팅 크림
1629,2022,01,금액,Dr.G레드-블래미쉬클리어크림_70ml
1630,2022,01,금액,참이슬fresh
1631,2022,01,수량,카스맥주(캔)
1632,2022,01,수량,보온대
1633,2022,01,수량,테라캔 500ml
1634,2022,01,수량,신라면
1635,2022,01,수량,카스캔500ml
1636,2022,01,수량,테라캔 355ml
1637,2022,01,수량,카스캔355ml
1638,2022,01,수량,참이슬fresh
1639,2022,01,수량,코카콜라
1640,2022,01,수량,몬스터에너지 울트라
1641,2022,02,금액,Dr.G레드-블래미쉬클리어크림_70ml
1642,2022,02,금액,다이아몬드 리페어 퍼펙트 세트
1643,2022,02,금액,닥터지 레드 블레미쉬 멀티 플루이드_100ml
1644,2022,02,금액,닥터지 블랙 스네일 크림_50ml
1645,2022,02,금액,메디힐 캘러스 멀티 골드 리프팅 크림
1646,2022,02,금액,몬스터에너지 울트라
1647,2022,02,금액,에쎄 체인지 히말라야
1648,2022,02,금액,참이슬fresh
1649,2022,02,금액,카스맥주(캔)
1650,2022,02,금액,테라캔 355ml
1651,2022,02,수량,맛있는오뚜기밥
1652,2022,02,수량,몬스터에너지 울트라
1653,2022,02,수량,신라면
1654,2022,02,수량,육개장사발면
1655,2022,02,수량,제주삼다수 500ml
1656,2022,02,수량,참이슬fresh
1657,2022,02,수량,카스맥주(캔)
1658,2022,02,수량,코카콜라
1659,2022,02,수량,테라캔 355ml
1660,2022,02,수량,테라캔 500ml
1661,2022,03,금액,참이슬 fresh
1662,2022,03,금액,Dr.G레드-블래미쉬클리어크림_70ml
1663,2022,03,금액,다이아몬드 리페어 퍼펙트 세트
1664,2022,03,금액,닥터지 블랙 스네일 크림_50ml
1665,2022,03,금액,메디힐 캘러스 멀티 골드 리프팅 크림
1666,2022,03,금액,몬스터에너지 울트라
1667,2022,03,금액,에쎄 체인지 히말라야
1668,2022,03,금액,카스맥주(캔)
1669,2022,03,금액,카스캔
1670,2022,03,금액,테라캔 355ml
1671,2022,03,수량,참이슬 fresh
1672,2022,03,수량,몬스터에너지 울트라
1673,2022,03,수량,신라면
1674,2022,03,수량,육개장사발면
1675,2022,03,수량,제주삼다수 500ml
1676,2022,03,수량,카스맥주(캔)
1677,2022,03,수량,카스캔
1678,2022,03,수량,코카콜라
1679,2022,03,수량,테라캔 355ml
1680,2022,03,수량,테라캔 500ml
1681,2022,04,금액,참이슬fresh
1682,2022,04,금액,Dr.G레드-블래미쉬클리어크림_70ml
1683,2022,04,금액,다이아몬드 리페어 퍼펙트 세트
1684,2022,04,금액,닥터지 레드 블레미쉬 멀티 플루이드_100ml
1685,2022,04,금액,닥터지 블랙 스네일 크림_50ml
1686,2022,04,금액,메디힐 캘러스 멀티 골드 리프팅 크림
1687,2022,04,금액,몬스터에너지 울트라
1688,2022,04,금액,에쎄 체인지 히말라야
1689,2022,04,금액,카스맥주(캔)
1690,2022,04,금액,테라캔 355ml
1691,2022,04,수량,카스캔355ml
1692,2022,04,수량,카스캔500ml
1693,2022,04,수량,참이슬fresh
1694,2022,04,수량,몬스터에너지 울트라
1695,2022,04,수량,신라면
1696,2022,04,수량,육개장사발면
1697,2022,04,수량,카스맥주(캔)
1698,2022,04,수량,카스캔
1699,2022,04,수량,코카콜라
1700,2022,04,수량,테라캔 355ml
1701,2022,05,금액,다이아몬드 리페어 퍼펙트 세트
1702,2022,05,금액,닥터지 블랙 스네일 크림_50ml
1703,2022,05,금액,참이슬fresh 360ml
1704,2022,05,금액,Dr.G레드-블래미쉬클리어크림_70ml
1705,2022,05,금액,테라캔 355ml
1706,2022,05,금액,메디힐 캘러스 멀티 골드 리프팅 크림
1707,2022,05,금액,카스맥주(캔) 355ml
1708,2022,05,금액,몬스터에너지 울트라
1709,2022,05,금액,홍삼진고
1710,2022,05,금액,닥터지 메디유브이 울트라선
1711,2022,05,수량,테라캔 355ml
1712,2022,05,수량,참이슬fresh 360ml
1713,2022,05,수량,카스캔 355ml
1714,2022,05,수량,코카콜라
1715,2022,05,수량,몬스터에너지 울트라
1716,2022,05,수량,카스캔 500ml
1717,2022,05,수량,포카리캔
1718,2022,05,수량,테라캔 500ml
1719,2022,05,수량,신라면
1720,2022,05,수량,파워에이드마운틴블라스트