건물형태, 군구분,부대구분(관리부대),단지명,시도,시군구,읍면동,리,준공연도,공급세대,면적(15)50이하,면적(24)80이하,면적(30)100이하,면적(36)120이하,면적확인불가
연립,육군,지상작전사령부,선봉캐슬,경기도,용인시 처인구,역북동,,2009,19,,,,,19
아파트,육군,지상작전사령부,온누리아파트,경기도,용인시 처인구,역북동,,2013,480,,120,240,120,
아파트,육군,지상작전사령부,한누리아파트,경기도,용인시 처인구,김량장동,,2009,258,,,112,124,22
아파트,육군,지상작전사령부,LG아파트,경기도,광주시,곤지암읍,곤지암리,1997,4,,4,,,
아파트,육군,지상작전사령부,동보아파트,경기도,광주시,탄벌동,,1996,2,,2,,,
아파트,육군,지상작전사령부,밀목아파트,경기도,광주시,송정동,,1995,32,,32,,,
아파트,육군,지상작전사령부,반도유보라아이비파크,경기도,의정부시,민락동,,2017,9,,,9,,
아파트,육군,지상작전사령부,호반베르디움 1차,경기도,의정부시,민락동,,2017,13,,,13,,
연립,육군,36사단,연립관사,강원도,평창군,대화면,하안미리,2001,6,,6,,,
아파트,육군,36사단,금광포란재아파트,강원도,횡성군,횡성읍,읍하리,2001,10,,10,,,
아파트,육군,36사단,남청아파트,강원도,태백시,황지동,,1997,5,,5,,,
아파트,육군,36사단,대동아파트,강원도,횡성군,횡성읍,읍하리,1998,11,,,,11,
아파트,육군,36사단,둥지아파트,강원도,영월군,영월읍,덕포리,1995,23,23,,,,
아파트,육군,36사단,미소빌아파트,강원도,정선군,정선읍,북실리,1997,4,,,4,,
아파트,육군,36사단,배말타운아파트,강원도,원주시,봉산동,,2004,15,,,,15,
아파트,육군,36사단,삼정백조아파트,강원도,원주시,태장동,,1998,23,,,23,,
아파트,육군,36사단,서초아파트,강원도,원주시,개운동,,1999,14,,14,,,
아파트,육군,36사단,이안아파트,강원도,횡성군,횡성읍,읍상리,2009,13,,,,13,
아파트,육군,36사단,강릉 입암현대아파트,강원도,강릉시,입암동,,1998,20,,20,,,
아파트,육군,36사단,진로아파트,강원도,원주시,원동,,1999,30,,30,,,
연립,육군,36사단,태봉빌라,강원도,원주시,단구동,,1997,12,,,,,12
아파트,육군,36사단,통일아파트,강원도,원주시,단구동,,1994,470,,470,,,
아파트,육군,36사단,팔마아파트,강원도,태백시,화전동,,2001,10,,,10,,
아파트,육군,36사단,횡계 알펜로제아파트,강원도,평창군,대관령면,횡계리,2008,10,,10,,,
아파트,육군,36사단,흥화브라운빌아파트,강원도,원주시,태장동,,2006,115,,,,115,
아파트,육군,1군지사,금호어울림아파트,강원도,강릉시,입암동,,2007,12,,,,12,
아파트,육군,1군지사,삼정백조아파트,강원도,원주시,태장동,,1998,40,,,40,,
아파트,육군,1군지사,입암현대아파트,강원도,강릉시,입암동,,1998,35,,24,,11,
아파트,육군,1군지사,양우내안애아파트,강원도,강릉시,노암동,,2009,35,,17,12,6,
아파트,육군,1군지사,용문그린타운,경기도,양평군,용문면,마룡리,2014,3,,3,,,
아파트,육군,1군지사,원석비바체아파트,경기도,양평군,용문면,다문리,2010,3,,3,,,
아파트,육군,55사단,퇴계원 군 숙소,경기도,남양주시,퇴계원면,퇴계원리,1993,8,,8,,,
아파트,육군,55사단,본부 푸르지오 아파트,경기도,성남시 수정구,단대동,,2012,22,,,,22,
아파트,육군,55사단,오래오빌 101동,경기도,용인시 처인구,포곡읍,부곡로21,1998,28,,28,,,
아파트,육군,55사단,오래오빌 102동,경기도,용인시 처인구,포곡읍,부곡로21,1999,27,,27,,,
아파트,육군,55사단,피렌체 아파트,경기도,용인시 처인구,고림동,,2001,95,,95,,,
아파트,육군,55사단,매입아파트(효양),경기도,이천시,부발읍,무촌리,2003,5,,5,,,
아파트,육군,55사단,매입아파트(진우),경기도,이천시,부발읍,신하리,2001,5,,5,,,
아파트,육군,2작전사,만촌보성타워,대구광역시,수성구,만촌동,,2002,61,,,60,1,
아파트,육군,2작전사,삼승슈퍼타워,대구광역시,중구,동인동1가,,2007,55,,,,55,
아파트,육군,2작전사,SM안아주아파트,대구광역시,동구,율하동,,2009,18,,,18,,
아파트,육군,2작전사,신암SD아이프라임,대구광역시,동구,신암동,,2006,10,,,,10,
아파트,육군,2작전사,수성풀비체,대구광역시,수성구,만촌동,,2007,6,,,,6,
아파트,육군,2작전사,범물보성타운,대구광역시,수성구,범물동,,1992,1,,,,1,
아파트,육군,2작전사,동서무학맨션,대구광역시,수성구,지산동,,1994,1,,,,1,
아파트,육군,2작전사,시지대백,대구광역시,수성구,시지동,,1994,1,,,,1,
아파트,육군,2작전사,지산협화맨션,대구광역시,수성구,지산동,,1991,2,,,,2,
아파트,육군,2작전사,지산동서맨션,대구광역시,수성구,지산동,,1991,2,,,,2,
아파트,육군,2작전사,지산청구타운,대구광역시,수성구,지산동,,1991,2,,,,2,
아파트,육군,2작전사,범물청아타운,대구광역시,수성구,범물동,,1992,1,,,,1,
아파트,육군,2작전사,범물삼주타운,대구광역시,수성구,범물동,,1993,3,,,,3,
아파트,육군,2작전사,지산에덴타운,대구광역시,수성구,지산동,,1991,1,,,,1,
아파트,육군,2작전사,지산현대맨션,대구광역시,수성구,지산동,,1991,1,,,,1,
아파트,육군,2작전사,수성누리빌데시앙(BTL),대구광역시,수성구,만촌동,,2012,160,,60,62,38,
아파트,육군,2작전사,우방힐타운,경상북도,경산시,진량읍,신상리,1999,41,,2,39,,
아파트,육군,2작전사,장유 파크뷰,경상남도,김해시,삼문동,,2002,15,,15,,,
아파트,육군,2작전사,무학마을 데시앙,경상북도,경산시,하양읍,도리리,2012,130,,105,15,10,
아파트,육군,31사단,삼일아파트6동,광주광역시,북구,오치동,,1992,49,49,,,,
아파트,육군,31사단,버들아파트,광주광역시,서구,유촌동,,1999,80,,80,,,
아파트,육군,31사단,신동아아파트,광주광역시,북구,용봉동,,1999,58,,8,,50,
아파트,육군,31사단,신창부영아파트,광주광역시,광산구,신창동,,2006,47,,,47,,
아파트,육군,31사단,EG스위트벨리,광주광역시,광산구,소촌동,,2004,5,,,5,,
아파트,육군,31사단,송지트리뷰아파트,광주광역시,북구,양산동,,2008,3,,,,3,
아파트,육군,31사단,영무예다음아파트,광주광역시,북구,양산동,,2005,8,,,,8,
아파트,육군,31사단,현대아파트,광주광역시,북구,용봉동,,1997,1,,,,1,
연립,육군,31사단,연립관사(1~4호),전라남도,강진군,강진읍,덕남리,1995,4,,4,,,
아파트,육군,31사단,금호아파트,전라남도,강진군,강진읍,평동리,1996,10,,10,,,
아파트,육군,31사단,C&S후레쉬빌,전라남도,강진군,강진읍,서성리,2003,4,,,4,,
아파트,육군,31사단,백두아파트,전라남도,진도군,진도읍,남동리,2000,9,,9,,,
연립,육군,31사단,관사(금일읍대),전라남도,완도군,금일읍,화목리,2013,1,,1,,,
연립,육군,31사단,관사(노화읍대),전라남도,완도군,보길면,부황리,2009,1,,1,,,
연립,육군,31사단,관사(청산면대),전라남도,완도군,청산면,도청리,2005,1,,1,,,
아파트,육군,31사단,동아아파트,전라남도,완도군,완도읍,군내리,2003,4,,4,,,
아파트,육군,31사단,현대아파트,전라남도,완도군,완도읍,군내리,1996,9,,9,,,
연립,육군,31사단,연립관사(1~4호),전라남도,해남군,해남읍,백야리,1990,4,,4,,,
아파트,육군,31사단,명지아파트,전라남도,해남군,해남읍,해리,1999,5,,5,,,
아파트,육군,31사단,우진아트빌,전라남도,해남군,해남읍,구교리,2004,2,,,2,,
연립,육군,31사단,연립관사 1동,전라남도,영암군,영암읍,회문리,1990,2,2,,,,
아파트,육군,31사단,영신아파트,전라남도,영암군,영암읍,역리,2000,4,,,,4,
아파트,육군,31사단,청송 드림빌,전라남도,영암군,영암읍,춘양리,2007,5,,,,5,
아파트,육군,31사단,한마음 아파트,전라남도,순천시,별량면,운천리,2005,28,,28,,,
아파트,육군,31사단,중흥아파트,전라남도,순천시,석현동,,2001,1,,1,,,
아파트,육군,31사단,대주아파트,전라남도,순천시,가곡동,,2001,1,,1,,,
아파트,육군,31사단,석현주공아파트,전라남도,순천시,석현동,,1997,1,,1,,,
아파트,육군,31사단,부영아파트,전라남도,순천시,해룡면,상삼리,1997,4,,,4,,
아파트,육군,31사단,남산비치 아파트,전라남도,여수시,남산동,,2004,5,,5,,,
아파트,육군,31사단,라온유 아파트,전라남도,여수시,둔덕동,,2009,3,,3,,,
아파트,육군,31사단,장미아파트,전라남도,고흥군,고흥읍,남계리,1997,6,,2,4,,
아파트,육군,31사단,행정아파트,전라남도,고흥군,고흥읍,행정리,2004,5,,,5,,
아파트,육군,31사단,명지아파트,전라남도,구례군,구례읍,백련리,1997,4,,4,,,
아파트,육군,31사단,상아아파트,전라남도,광양시,광양읍,칠성리,2000,7,,6,1,,
아파트,육군,31사단,글로리아파트,전라남도,영광군,영광읍,송림리,2013,10,,,10,,
아파트,육군,31사단,삼신아파트,전라남도,무안군,무안읍,교촌리,2004,7,,,,7,
아파트,육군,31사단,세왕아파트,전라남도,나주시,남내동,,2001,3,,,3,,
아파트,육군,31사단,신안인스빌,전라남도,목포시,용해동,,2009,10,,,,10,
아파트,육군,31사단,아이엠로즈빌,전라남도,목포시,대양동,,2005,5,,,5,,
아파트,육군,31사단,현대아파트,전라남도,나주시,대호동,,1993,2,,2,,,
아파트,육군,31사단,금강레인보우아파트,전라남도,담양군,담양읍,지침리,2005,3,,,,3,
아파트,육군,31사단,금호대우아파트,광주광역시,서구,치평동,,1998,9,,9,,,
아파트,육군,31사단,용두주공아파트,광주광역시,북구,신용동,,2001,12,,12,,,
아파트,육군,31사단,화순금호아파트,전라남도,화순군,화순읍,만연리,1998,3,,,3,,
아파트,육군,32사단,공간그린 아파트,충청남도,당진시,송악읍,기지시리,1997,7,,,7,,
아파트,육군,32사단,공주한빛아파트,충청남도,공주시,신관동,,1994,2,,2,,,
아파트,육군,32사단,공주대아곰나루아파트,충청남도,공주시,신관동,,1996,4,,4,,,
아파트,육군,32사단,구봉마을아파트,대전광역시,서구,관저동,,1999,18,,12,,6,
아파트,육군,32사단,다원 파크리안 아파트,세종특별자치시,세종특별자치시,조치원읍,남리,2004,4,,,,4,
아파트,육군,32사단,명천주공아파트,충청남도,보령시,명천동,,1998,19,,19,,,
아파트,육군,32사단,백룡아파트,세종특별자치시,세종특별자치시,금남면,국곡리,2002,17,,17,,,
아파트,육군,32사단,보령현대아파트,충청남도,보령시,동대동,,1996,8,,8,,,
아파트,육군,32사단,부경파크빌아파트,충청남도,보령시,죽정동,,2008,3,,,,3,
아파트,육군,32사단,부여백자아파트,충청남도,부여군,규암면,외리,1996,5,,4,1,,
아파트,육군,32사단,삼호아파트,충청남도,태안군,태안읍,삭선리,1997,7,,,7,,
아파트,육군,32사단,서천그린빌라,충청남도,서천군,서천읍,화금리,1997,7,,7,,,
아파트,육군,32사단,선비마을아파트,대전광역시,대덕구,송촌동,,1999,6,,6,,,
아파트,육군,32사단,신동아 아파트,충청남도,태안군,태안읍,삭선리,1996,5,,5,,,
아파트,육군,32사단,신동아 아파트(세종),세종특별자치시,세종특별자치시,조치원읍,죽림리,1996,16,,7,,9,
아파트,육군,32사단,쌍용주공아파트(10단지),충청남도,천안시 서북구,쌍용동,,2000,3,,3,,,
아파트,육군,32사단,쌍용주공아파트(9단지),충청남도,천안시 서북구,쌍용동,,1998,9,,9,,,
아파트,육군,32사단,아산주공아파트,충청남도,아산시,용화동,,1996,5,,5,,,
아파트,육군,32사단,아산주은아파트,충청남도,아산시,풍기동,,2000,9,,9,,,
아파트,육군,32사단,열매아파트,대전광역시,유성구,지족동,,2001,50,,,50,,
아파트,육군,32사단,우리마을 아파트,충청남도,서산시,음암면,상홍리,2000,5,,5,,,
아파트,육군,32사단,욱일아파트,세종특별자치시,세종특별자치시,조치원읍,침산리,1999,3,,3,,,
아파트,육군,32사단,음암아파트,충청남도,서산시,음암면,부산리,1996,8,,8,,,
아파트,육군,32사단,천강아파트,충청남도,청양군,청양읍,읍내리,1997,5,,,,5,
아파트,육군,32사단,청구 제네스 아파트,충청남도,서산시,인지면,둔당리,2003,2,,,2,,
아파트,육군,32사단,청주현대아파트,충청북도,청주시,흥덕구,복대동,2000,5,,5,,,
아파트,육군,32사단,초롱아파트,대전광역시,유성구,구암동,,1994,14,,14,,,
아파트,육군,32사단,충룡아파트 A동,세종특별자치시,세종특별자치시,조치원읍,신흥리,1977,24,24,,,,
아파트,육군,32사단,태안 진흥아파트,충청남도,태안군,태압읍,남문리,2006,2,,,,2,
아파트,육군,32사단,평화아파트,대전광역시,유성구,상대동,,2003,10,,10,,,
아파트,육군,32사단,포스코아파트,충청남도,계룡시,두마면,두계리,2007,50,,,,50,
아파트,육군,32사단,풍산아파트,세종특별자치시,세종특별자치시,조치원읍,정리,1998,5,,,,5,
아파트,육군,32사단,하늘채아파트,충청남도,홍성군,홍성읍,옥암리,1996,3,,,1,2,
아파트,육군,32사단,한마음아파트,충청남도,금산군,복수면,지량리,1995,29,,29,,,
아파트,육군,32사단,현광아파트,충청남도,홍성군,홍성읍,내법리,1997,7,,,7,,
아파트,육군,32사단,현대아파트,충청남도,홍성군,홍성읍,오관리,1996,2,,2,,,
아파트,육군,35사단,한신아파트,전라북도,남원시,노암동,,1995,7,,7,,,
아파트,육군,35사단,한우물아파트,전라북도,남원시,화정동,,2012,24,,,24,,
연립,육군,35사단,(무주)관사,전라북도,무주군,무주읍,대차리,1987,2,,2,,,
아파트,육군,35사단,영창아파트(정읍),전라북도,정읍시,구룡동,,1996,10,,10,,,
아파트,육군,35사단,제일아파트(정읍),전라북도,정읍시,수성동,,1995,41,,,39,2,
아파트,육군,35사단,수성3단지주공아파트(정읍),전라북도,정읍시,수성동,,2000,6,,,6,,
아파트,육군,35사단,양우아파트(부안),전라북도,부안군,변산면,격포리,1994,9,,9,,,
아파트,육군,35사단,아르미안아파트(고창),전라북도,고창군,고창읍,읍내리,2008,2,,,,2,
아파트,육군,35사단,송천주공아파트(전주),전라북도,전주시,송천동3가,,1999,5,,5,,,
아파트,육군,35사단,군산 나운주공아파트,전라북도,군산시,나운동,,1995,8,,8,,,
아파트,육군,35사단,군산 현대파인빌,전라북도,군산시,미장동,,2004,9,,,6,3,
연립,육군,35사단,연립관사,전라북도,완주군,봉동읍,은하리,1988,6,,6,,,
아파트,육군,35사단,익산 아름드리아파트,전라북도,익산시,부송동,,1994,12,,12,,,
아파트,육군,35사단,익산 어양주공아파트,전라북도,익산시,어양동,,1994,4,,4,,,
아파트,육군,35사단,전주 송천주공아파트,전라북도,전주시,송천동2가,,1999,10,,10,,,
아파트,육군,35사단,군산 삼성아파트,전라북도,군산시,나운3길,,1998,3,,,,3,
아파트,육군,35사단,전주 동신아파트,전라북도,전주시,덕진구,호성동1가,1991,3,,,3,,
아파트,육군,35사단,전주 동국아파트,전라북도,전주시,덕진구,여의동,1998,18,,,18,,
아파트,육군,35사단,충경마을 아파트,전라북도,임실군,임실읍,이도리,2013,81,,,27,45,9
아파트,육군,35사단,충경마을아파트2단지,전라북도,임실군,임실읍,대곡리,2017,95,,22,,73,
아파트,육군,37사단,금천경희아파트,충청북도,청주시 상당구,금천동,,1997,10,,10,,,
아파트,육군,37사단,내수삼일아파트,충청북도,청주시 청원구,내수읍,내수리,2001,31,,31,,,
아파트,육군,37사단,"늘푸른 (201동, 203동)",충청북도,증평군,증평읍,증천리,1996,34,,30,4,,
아파트,육군,37사단,벽산블루밍아파트,충청북도,청주시 흥덕구,복대1동,,1999,1,,,,,1
아파트,육군,37사단,복대주은아파트,충청북도,청주시 흥덕구,복대동,,2002,4,,4,,,
아파트,육군,37사단,분평대원아파트,충청북도,청주시 서원구,분평동,,1999,20,,,20,,
아파트,육군,37사단,분평주공아파트,충청북도,청주시 서원구,분평동,,1999,5,,5,,,
아파트,육군,37사단,음성삼보아파트,충청북도,음성군,음성읍,읍내리,1992,5,,5,,,
아파트,육군,37사단,율량성원아파트,충청북도,청주시 청원구,율량동,,1993,23,,,,23,
아파트,육군,37사단,신라송림아파트,충청북도,청주시 상당구,영운동,,1995,12,,,6,6,
아파트,육군,37사단,진천 신양빌라,충청북도,진천군,진천읍,교성리,1993,2,,2,,,
아파트,육군,37사단,청주현대아파트,충청북도,청주시 흥덕구,복대1동,,2000,6,,6,,,
아파트,육군,37사단,탑동현대아파트,충청북도,청주시 상당구,탑동,,2005,1,,,,1,
아파트,육군,37사단,증평삼일아파트,충청북도,증평군,증평읍,장동리,1993,3,,2,,1,
아파트,육군,37사단,용암덕일아파트,충청북도,청주시 상당구,용암동,,2003,9,,9,,,
아파트,육군,37사단,"늘푸른 (101동, 102동, 103동, 104동, 105동, 106동, 107동, 108동)",충청북도,증평군,증평읍,증천리,2011,100,,,96,4,
아파트,육군,37사단,동경타운빌,충청북도,청주시,청원구,내수리,2016,21,,,21,,
아파트,육군,37사단,진달래아파트,충청북도,옥천군,옥천읍,문정리,1996,4,,4,,,
아파트,육군,37사단,다산금빛아파트,충청북도,보은군,보은읍,이평리,2002,4,,,4,,
아파트,육군,37사단,강변리츠빌아파트,충청북도,보은군,보은읍,이평리,2002,5,,,,5,
아파트,육군,37사단,삼부아파트,충청북도,영동군,영동읍,부용리,1993,4,,,4,,
아파트,육군,37사단,조한드림아파트,충청북도,영동군,영동읍,매천리,2003,5,,,,5,
아파트,육군,37사단,주은옥향아파트,충청북도,옥천군,옥천읍,죽향리,1997,10,,10,,,
아파트,육군,37사단,향수마을아파트,충청북도,옥천군,옥천읍,죽향리,2004,5,,,,5,
아파트,육군,37사단,홍인빌라,충청북도,보은군,보은읍,이평리,1993,2,,2,,,
아파트,육군,37사단,프리미엄뷰아파트,충청북도,보은군,보은읍,이평리,2016,4,,,4,,
아파트,육군,37사단,두진백로아파트,충청북도,제천시,고암동,,1997,1,,1,,,
아파트,육군,37사단,로즈웰아파트,충청북도,제천시,신백로,,2000,3,,3,,,
아파트,육군,37사단,미소지움아파트,충청북도,단양군,단양읍,별곡리,2008,3,,,,3,
아파트,육군,37사단,새한아파트,충청북도,충주시,목행동,,1997,6,,6,,,
아파트,육군,37사단,스타힐스아파트,충청북도,제천시,화산동,,2016,9,,,9,,
아파트,육군,37사단,에이스타운,충청북도,단양군,매포읍,평동리,2016,6,,6,,,
아파트,육군,37사단,일동,충청북도,제천시,의병대로,,1995,1,,1,,,
아파트,육군,37사단,주공아파트,충청북도,충주시,연수동,,1999,5,,5,,,
아파트,육군,37사단,충주지웰아파트,충청북도,충주시,대소원면,본리,2016,11,,11,,,
아파트,육군,37사단,진도아파트,충청북도,충주시,호암동,,1994,8,,8,,,
아파트,육군,37사단,코오롱아파트,충청북도,충주시,칠금동,,1997,11,,,11,,
아파트,육군,37사단,한라비발디아파트,충청북도,충주시,목행동,,2007,4,,,,4,
아파트,육군,37사단,호수마을아파트,충청북도,충주시,문화동,,2003,4,1,3,,,
연립,육군,39사단,연립관사 6호,경상남도,밀양시,상남면,조음리,1995,1,1,,,,
아파트,육군,39사단,밀양 목화타워맨션,경상남도,밀양시,교동,,1996,2,,2,,,
아파트,육군,39사단,김해 거송월드,경상남도,김해시,구산동,,2001,1,,,1,,
아파트,육군,39사단,광남백조 아파트,경상남도,김해시,구산동,,1997,3,,3,,,
아파트,육군,39사단,구산 3주공 아파트,경상남도,김해시,구산동,,2000,2,,2,,,
아파트,육군,39사단,구산 5주공 아파트,경상남도,김해시,구산동,,2001,2,,2,,,
아파트,육군,39사단,삼계 주공 아파트,경상남도,창원시,내서읍,삼계리,1998,4,,4,,,
아파트,육군,39사단,숲속 주공 아파트,경상남도,창원시,내서읍,중리,2001,10,,,10,,
아파트,육군,39사단,통영 동남맨션아파트,경상남도,통영시,용남면,동달리,1997,5,,5,,,
아파트,육군,39사단,통영 진보소라아파트,경상남도,통영시,도남동,,1996,3,,,3,,
아파트,육군,39사단,통영 한선파라타운 아파트,경상남도,통영시,용남면,죽림리,2001,4,,,4,,
연립,육군,39사단,연립관사,경상남도,고성군,고성읍,교사리,1986,8,,7,,1,
아파트,육군,39사단,다솜아파트,경상남도,고성군,고성읍,교사리,1997,24,,24,,,
아파트,육군,39사단,거제 신우마리나 아파트,경상남도,거제시,연초면,오비리,1997,7,,4,,3,
아파트,육군,39사단,문산 한양하이빌아파트,경상남도,진주시,문산읍,삼곡리,2001,4,,,4,,
아파트,육군,39사단,사천 신성아파트,경상남도,사천시,정동면,고읍리,2000,16,,16,,,
아파트,육군,39사단,사천 동강아파트,경상남도,사천시,용현면,신북리,2005,15,,15,,,
아파트,육군,39사단,사천 토산아델리움,경상남도,사천시,정동면,고읍리,2005,5,,5,,,
아파트,육군,39사단,거창 하나로아파트,경상남도,거창군,거창읍,대동리,2007,3,,,,3,
아파트,육군,39사단,하동 홍인아키빌,경상남도,하동군,진교면,민다리길,2004,2,,,,2,
연립,육군,39사단,남해 보물섬 연립관사,경상남도,남해군,남해읍,심천리,2014,14,,,14,,
아파트,육군,39사단,데시앙아파트 1단지,경상남도,함안군,군북면,소포리,2015,261,,41,144,76,
아파트,육군,39사단,창원 무지개아파트,경상남도,창원시 의창구,팔용동,,2015,30,,,30,,
아파트,육군,39사단,무학아파트,경상남도,함안군,군북면,중암리,1997,5,,,5,,
아파트,육군,39사단,창원 원창호수아파트,경상남도,창원시 의창구,동읍,용잠리,2001,8,,,8,,
아파트,육군,50사단,두산아파트,대구광역시,북구,학정동,,1995,230,,230,,,
연립,육군,50사단,연립관사,대구광역시, 북구,학정동, ,1995,2,,,2,,
아파트,육군,50사단,동화타운,대구광역시,북구,관음동,,2000,2,,2,,,
아파트,육군,50사단,우방왕산타운(지묘),대구광역시,동구,지묘동,-,1997,5,,5,,,
아파트,육군,50사단,논공주공아파트,대구광역시,달성군,논공읍,남리,1997,5,,5,,,
아파트,육군,50사단,낙양경희아파트,경상북도,상주시,낙양동,,1995,4,,4,,,
아파트,육군,50사단,매봉마을아파트,경상북도,문경시,모전동,,2001,4,,4,,,
아파트,육군,50사단,M타운(송림맨션),경상북도,구미시,고아읍,송림리,1992,18,,18,,,
아파트,육군,50사단,성주우방아파트,경상북도,성주군,성주읍,경산리,1998,3,,,3,,
아파트,육군,50사단,백옥한보아파트,경상북도,김천시,백옥동,,1996,4,,4,,,
아파트,육군,50사단,광림아파트,경상북도,울진군,울진읍,읍내리,1996,17,,17,,,
연립,육군,50사단,근남관사,경상북도,울진군,근남면,구산리,2000,8,,8,,,
아파트,육군,50사단,신세계아파트,경상북도,영덕군,영덕읍,우곡리,1997,10,,10,,,
아파트,육군,50사단,진우파크빌,경상북도,청송군,청송읍,덕리,2001,7,,7,,,
연립,육군,50사단,토일관사,경상북도,울진군,울진읍,읍남리,2007,3,,3,,,
아파트,육군,50사단,망정주공아파트,경상북도,영천시,망정동,,1997,15,,15,,,
아파트,육군,50사단,완산청구하이츠,경상북도,영천시,완산동,,2001,4,,,4,,
연립,육군,50사단,경주연립관사,경상북도,경주시,동천동,,1995,3,3,,,,
아파트,육군,50사단,삼주봉황아파트,경상북도,경산시,진량읍,봉회리,1999,3,,3,,,
아파트,육군,50사단,삼북주공아파트,경상북도,경산시,삼북동,,1997,6,,6,,,
아파트,육군,50사단,경산보국웰리치,경상북도,경산시,진량읍,신상리,2005,5,,,5,,
연립,육군,50사단,장사남정연립관사,경상북도,영덕군,남정면,장사리,2004,8,8,,,,
아파트,육군,50사단,삼도드림파크,경상북도,포항시,흥해읍,이인리,2004,7,,7,,,
아파트,육군,50사단,삼양금탑맨션,경상북도,포항시,북구,약성리,1999,6,,6,,,
아파트,육군,50사단,청도아트빌,경상북도,청도군,화양읍,범곡리,2005,3,,,3,,
아파트,육군,50사단,계림플러스아파트,경상북도,안동시,안막동,,2002,4,,4,,,
아파트,육군,50사단,삼성아파트,경상북도,안동시,옥동,,1999,6,,,6,,
아파트,육군,50사단,석미아파트,경상북도,안동시,정하동,,2001,16,,16,,,
아파트,육군,50사단,세아아파트,경상북도,예천군,예천읍,청복리,2000,4,,4,,,
아파트,육군,50사단,용상5주공아파트,경상북도,안동시,용상동,,1998,3,,3,,,
아파트,육군,50사단,의성청구아파트,경상북도,의성군,의성읍,중리리,2005,2,,,2,,
아파트,육군,50사단,현진에버빌,경상북도,안동시,정하동,,2004,1,,1,,,
아파트,육군,50사단,화성드림파크,경상북도,안동시,정하동,,2004,18,,,18,,
연립,육군,50사단,연립관사(가동),경상북도,포항시 북구,송라면,하송리,1996,2,,2,,,
연립,육군,50사단,연립관사(나동),경상북도,포항시 북구,송라면,하송리,1996,4,,4,,,
아파트,육군,53사단,개금주공아파트(매입),부산광역시,진구,개금동,,1987,2,,2,,,
아파트,육군,53사단,경동메르빌아파트(매입),부산광역시,사하구,괴정동,,2007,1,,,,1,
아파트,육군,53사단,무지개빌라,부산광역시,해운대구,우동,,1999,6,,6,,,
아파트,육군,53사단,무지개아파트,부산광역시,해운대구,우동,,1992,91,91,,,,
아파트,육군,53사단,문현광원아파트(매입),부산광역시,남구,문현동,,1989,6,,6,,,
아파트,육군,53사단,안락아파트,부산광역시,동래구,안락동,,1994,72,,72,,,
아파트,육군,53사단,일동미라주아파트(매입),경상남도,양산시,교동,,2008,1,,,,1,
아파트,육군,53사단,장산마을아파트,부산광역시,해운대구,좌동,,2005,288,,72,216,,
연립,육군,53사단,개금관사,부산광역시,진구,개금동,,1991,3,,3,,,
아파트,육군,53사단,태종대아파트,부산광역시,영도구,동삼동,,1995,19,,19,,,
아파트,육군,53사단,가화파티오아파트,울산광역시,울주군,온산읍,덕신리,2008,2,,2,,,
아파트,육군,53사단,복지아파트,울산광역시,남구,무거동,,1983,1,,1,,,
아파트,육군,53사단,옥현주공아파트,울산광역시,남구,무거동,,2000,62,,62,,,
연립,육군,53사단,장보그린빌라,울산광역시,남구,방어동,,1990,2,,2,,,
아파트,육군,5군지사,한마음아파트,경상남도,김해시,진례면,청천리,1995,75,,75,,,
아파트,육군,5군지사,오성마을,대구광역시,수성구,연호동,,1990,154,154,,,,
연립,육군,5군지사,오성연립빌라,대구광역시,수성구,연호동,,1995,7,,,7,,
아파트,육군,1군단,신원마을아파트,경기도,고양시 덕양구,신원동,,2013,40,,,40,,
아파트,육군,1군단,데코빌,경기도,시흥시,하중동,,2003,7,,7,,,
아파트,육군,1군단,비호아파트,경기도,고양시 덕양구,벽제동,,1990,24,,24,,,
아파트,육군,1군단,쉐르빌,경기도,시흥시,장곡동,,2002,10,,10,,,
아파트,육군,1군단,한빛BTL,경기도,고양시 덕양구,원당동,,2015,128,,120,8,,
아파트,육군,1군단,신동아파밀리에,경기도,양주시,장흥면,울대리,2015,96,,88,8,,
아파트,육군,1군단,양지마을,경기도,고양시 덕양구,화전동,,1996,80,,80,,,
아파트,육군,1군단,양지푸르지오,경기도,고양시 덕양구,화전동,,2014,344,,344,,,
아파트,육군,1군단,고양삼마아파트,경기도,고양시 덕양구,고양동,,1992,24,,24,,,
아파트,육군,1군단,벽제삼마아파트,경기도,고양시 덕양구,대자동,,1989,20,,20,,,
아파트,육군,1군단,일산에버나인아파트(1001동),경기도,고양시 일산동구,풍동,,2006,214,,,214,,
아파트,육군,1군단,해오름아파트,경기도,고양시 일산동구,성석동,,1995,30,,30,,,
아파트,육군,1군단,삼성아파트,경기도,고양시 덕양구,벽제동,,1994,96,,96,,,
아파트,육군,1군단,푸른마을아파트,경기도,고양시 덕양구,고양동,,2007,120,,120,,,
아파트,육군,1군단,미리내아파트,경기도,고양시 덕양구,현천동,,2001,26,,26,,,
아파트,육군,1군단,금촌 장미아파트,경기도,파주시,금촌동,,2000,13,,,13,,
아파트,육군,1군단,연풍 어울림(101동),경기도,파주시,파주읍,,2016,60,,16,32,12,
아파트,육군,1군단,장미아파트,경기도,파주시,금촌동,,2000,10,,10,,,
아파트,육군,1군단,송촌토파즈,경기도,파주시,조리읍,봉일천리,1998,1,,,1,,
아파트,육군,1군단,금촌장미,경기도,파주시,금촌동,,2000,1,,1,,,
아파트,육군,1군단,팜스프링아파트(111동),경기도,파주시,아동동,,2001,20,,20,,,
아파트,육군,1군단,금촌에버나인,경기도,파주시,야동동,,2014,192,,64,128,,
아파트,육군,1군단,동문아파트,경기도,파주시,아동동,,1999,13,,13,,,
아파트,육군,1군단,동신라메르아파트,경기도,파주시,광탄면,신산리,2004,13,,,13,,
아파트,육군,1군단,마루아파트,경기도,파주시,야동동,,1994,30,,30,,,
아파트,육군,1군단,성원아파트,경기도,파주시,검산동,,2000,15,,15,,,
아파트,육군,1군단,은하수아파트,경기도,파주시,아동동,,1983,8,,8,,,
아파트,육군,1군단,장미아파트,경기도,파주시,금촌동,,2000,24,,24,,,
아파트,육군,1군단,팜스프링아파트,경기도,파주시,아동동,,2011,25,,23,,2,
아파트,육군,1군단,한빛아파트,경기도,파주시,화동동,,2012,3,,,,3,
아파트,육군,1군단,송촌토파즈아파트,경기도,파주시,조리읍,봉일천리,1998,1,,,1,,
아파트,육군,1군단,팜스프링아파트,경기도,파주시,야동동,,2000,6,,6,,,
아파트,육군,1군단,행복드림아파트,경기도,파주시,광탄면,마장리,2016,104,,,96,8,
아파트,육군,1군단,행복마루아파트(나동),경기도,파주시,광탄면,영장리,2017,5,5,,,,
아파트,육군,1군단,문산장안아파트,경기도,파주시,문산읍,문산2리,2002,11,,,11,,
아파트,육군,1군단,율곡아파트,경기도,파주시,법원읍,법원리,2000,4,,,4,,
아파트,육군,1군단,문산아파트 JSA동,경기도,파주시,문산읍,선유리,2006,16,,,16,,
아파트,육군,1군단,문산어울림,경기도,파주시,문산읍,선유리,2016,703,,164,424,115,
아파트,육군,1군단,문산장안아파트,경기도,파주시,문산읍,문산2리,2002,7,,,7,,
아파트,육군,1군단,선유전진타운,경기도,파주시,문산읍,선유리,2011,252,,24,120,108,
아파트,육군,1군단,율곡아파트,경기도,파주시,법원읍,법원리,2000,29,,29,,,
아파트,육군,1군단,주내기용아파트,경기도,파주시,파주읍,파주리,1997,2,,2,,,
아파트,육군,1군단,율곡아파트,경기도,파주시,법원읍,법원리,2000,61,,28,33,,
아파트,육군,1군단,행복마을,경기도,파주시,적성면,청성로,2011,480,,,464,16,
아파트,육군,1군단,율곡아파트,경기도,파주시,법원읍,법원리,2000,18,,18,,,
아파트,육군,1군단,율곡아파트,경기도,파주시,법원읍,법원리,2000,9,,,9,,
아파트,육군,1군단,장미동화아파트,경기도,양주시,백석읍,복지리,1999,17,,17,,,
아파트,육군,1군단,덕정96 아파트(나동),경기도,양주시,덕정동,,1994,30,,30,,,
아파트,육군,1군단,덕정주공아파트,경기도,양주시,덕정동,,2000,112,,29,83,,
아파트,육군,1군단,덕정주공아파트,경기도,양주시,덕정동,,2000,71,,16,55,,
아파트,육군,1군단,미소마을,경기도,양주시,남면,신산리,2014,200,,128,72,,
아파트,육군,1군단,비룡아파트 106동,경기도,양주시,남면,신산리,1998,30,,30,,,
아파트,육군,15사단,누리채 아파트 104동,강원도,철원군,근남면,육단리,2013,54,,,54,,
아파트,육군,15사단,물빛누리 아파트 다동,강원도,화천군,상서면,다목리,2000,30,,30,,,
아파트,육군,15사단,물빛누리 아파트 라동,강원도,화천군,상서면,다목리,2005,30,,30,,,
아파트,육군,15사단,사창리 데시앙 아파트,강원도,화천군,사내면,사창리,2011,112,,24,80,8,
아파트,육군,15사단,사창리 에버그린 아파트,강원도,화천군,사내면,사창리,2017,40,,,40,,
아파트,육군,15사단,한아름 아파트 5동,강원도,화천군,사내면,명월리,1998,10,,10,,,
아파트,육군,15사단,한아름 아파트 6동,강원도,화천군,사내면,명월리,2003,30,,30,,,
아파트,육군,15사단,한아름 아파트 7동,강원도,화천군,사내면,명월리,2006,14,,14,,,
아파트,육군,15사단,화일빌 아파트 C동,강원도,화천군,상서면,봉오리,1994,16,,16,,,
아파트,육군,15사단,화인빌 아파트 D동,강원도,화천군,상서면,봉오리,2003,30,,30,,,
아파트,육군,15사단,누리채 아파트 101동,강원도,철원군,근남면,육단리,1995,30,,30,,,
아파트,육군,15사단,누리채 아파트 102동,강원도,철원군,근남면,육단리,2000,30,,30,,,
아파트,육군,15사단,누리채 아파트 103동,강원도,철원군,근남면,육단리,2006,30,,30,,,
아파트,육군,7사단,대양고운채,강원도,화천군,하남면,용암리,2007,5,,,,5,
아파트,육군,7사단,데시앙 아파트,강원도,화천군,화천읍,상리,2011,321,,108,200,13,
아파트,육군,7사단,솔바람 1동,강원도,화천군,화천읍,상리,1999,30,,30,,,
아파트,육군,7사단,"솔바람 2동, 3동",강원도,화천군,상서면,신풍리,2001,60,,60,,,
아파트,육군,7사단,"솔바람 4동, 5동, 6동, 7동",강원도,화천군,상서면,신풍리,2018,60,,,60,,
연립,육군,7사단,화남빌라,강원도,화천군,화천읍,상리,1994,5,,5,,,
아파트,육군,7사단,신아아파트,강원도,화천군,화천읍,중리,1999,80,,80,,,
아파트,육군,7사단,아름드리 1단지,강원도,화천군,상서면,산양리,1995,30,,30,,,
아파트,육군,7사단,아름드리 2단지,강원도,화천군,상서면,산양리,2019,68,,,68,,
아파트,육군,7사단,푸르미 C동,강원도,화천군,화천읍,신읍리,1998,30,,30,,,
아파트,육군,3기갑여단,충성아파트 5동~6동,강원도,홍천군,남면,시동리,1994,54,,54,,,
아파트,육군,3기갑여단,신아아파트,강원도,홍천군,홍천읍,희망리,2000,14,,,14,,
아파트,육군,3기갑여단,청솔아파트,강원도,홍천군,홍천읍,연봉리,2000,27,,27,,,
아파트,육군,3기갑여단,이안아파트,강원도,횡성군,횡성읍,읍하리,2009,99,,,,99,
아파트,육군,3기갑여단,금광포란재아파트,강원도,횡성군,횡성읍,읍하리,2001,10,,10,,,
아파트,육군,3기갑여단,대동아파트,강원도,횡성군,횡성읍,읍하리,1998,6,,,6,,
아파트,육군,27사단,사창리데시앙 아파트,강원도,화천군,사내면,사창리,2011,160,,56,96,8,
아파트,육군,27사단,늘푸른5동,강원도,화천군,사내면,사창리,1993,5,,5,,,
아파트,육군,27사단,늘푸른 8동,강원도,화천군,사내면,사창리,1998,30,,30,,,
아파트,육군,27사단,늘푸른10~12동,강원도,화천군,사내면,사창리,2003,78,,78,,,
아파트,육군,27사단,늘푸른6~7동,강원도,화천군,사내면,사창리,1995,60,,60,,,
아파트,육군,27사단,늘푸른 9동,강원도,화천군,사내면,사창리,2001,27,,27,,,
아파트,육군,27사단,에버그린아파트,강원도,화천군,사내면,사창리,2017,48,,,48,,
아파트,육군,2군단사령부,두미르 2차 아파트,강원도,춘천시,소양로,,2017,500,,400,100,,
아파트,육군,2군단사령부,두미르 1차 아파트,강원도,춘천시,영서로,,2002,428,,,,428,
아파트,육군,2군단사령부,소양아파트,강원도,춘천시,충열로,,1994,70,,70,,,
아파트,육군,2군단사령부,롯데캐슬아파트,강원도,춘천시,마장길,,2009,70,,,,70,
아파트,육군,2군단사령부,신동아파트,강원도,춘천시,옥산포길,,1993,100,,100,,,
아파트,육군,2군단사령부,율문아파트,강원도,춘천시,신북읍,율문리,1996,50,,50,,,
아파트,육군,2군단사령부,현대아파트,강원도,춘천시,사농동,,2002,17,,,17,,
연립,육군,2군단사령부,소양 201동 연립관사,강원도,화천군,충열로,,2009,5,,,5,,
아파트,육군,3군단,기린대아파트 6동,강원도,인제군,기린면,현리,1993,24,,24,,,
아파트,육군,3군단,기린대아파트 7동,강원도,인제군,기린면,현리,1994,24,,24,,,
아파트,육군,3군단,기린대아파트 8동,강원도,인제군,기린면,현리,1996,30,,30,,,
아파트,육군,3군단,기린대아파트 9동,강원도,인제군,기린면,현리,1995,30,,30,,,
아파트,육군,3군단,기린대아파트 11동,강원도,인제군,기린면,현리,1996,30,,30,,,
아파트,육군,3군단,기린대아파트 12동,강원도,인제군,기린면,현리,1998,30,,30,,,
아파트,육군,3군단,기린대아파트 13동,강원도,인제군,기린면,현리,2000,30,,30,,,
아파트,육군,3군단,기린대아파트 15동,강원도,인제군,기린면,현리,2002,30,,30,,,
아파트,육군,3군단,기린대아파트 16동,강원도,인제군,기린면,현리,2003,20,,20,,,
아파트,육군,3군단,기린대아파트 19동,강원도,인제군,기린면,현리,2010,48,,,48,,
아파트,육군,3군단,기린대아파트 20동,강원도,인제군,기린면,현리,2010,41,,,41,,
아파트,육군,3군단,내린천아파트,강원도,인제군,기린면,현리,2004,33,,,28,5,
아파트,육군,3군단,인제아르미소,강원도,인제군,인제읍,합강리,2012,150,,77,,73,
아파트,육군,12사단,합강아파트,강원도,인제군,인제읍,덕산리,2002,90,,90,,,
아파트,육군,12사단,서호아파트 A동,강원도,인제군,북면,원통리,1984,8,8,,,,
아파트,육군,12사단,서호아파트 B동,강원도,인제군,북면,원통리,1993,21,,21,,,
아파트,육군,12사단,서호아파트 C동,강원도,인제군,북면,원통리,1997,30,,30,,,
아파트,육군,12사단,서호아파트 D동,강원도,인제군,북면,원통리,2010,16,,16,,,
아파트,육군,12사단,용대아파트,강원도,인제군,북면,용대리,2004,30,,30,,,
아파트,육군,12사단,백동아파트 1동,강원도,인제군,서화면,천도리,1994,24,,24,,,
아파트,육군,12사단,백동아파트 2동,강원도,인제군,서화면,천도리,1994,24,,24,,,
아파트,육군,12사단,백동아파트 3동,강원도,인제군,서화면,천도리,1994,30,,30,,,
아파트,육군,12사단,백동아파트 4동,강원도,인제군,서화면,천도리,1995,24,,24,,,
아파트,육군,12사단,백동그린빌,강원도,인제군,서화면,천도리,2011,47,,35,12,,
아파트,육군,12사단,천도아파트 C동,강원도,인제군,서화면,천도리,1982,30,30,,,,
아파트,육군,12사단,천도아파트 D동,강원도,인제군,서화면,천도리,1992,30,,30,,,
아파트,육군,12사단,신천도아파트 가동,강원도,인제군,서화면,천도리,2004,40,,40,,,
아파트,육군,12사단,신천도아파트 나동,강원도,인제군,서화면,천도리,2004,20,,20,,,
아파트,육군,12사단,신천도아파트 다동,강원도,인제군,서화면,천도리,2004,30,,30,,,
아파트,육군,12사단,서화아파트 A동,강원도,인제군,서화면,서화리,1985,8,8,,,,
아파트,육군,12사단,서화아파트 B동,강원도,인제군,서화면,서화리,1983,1,1,,,,
아파트,육군,12사단,신아아파트,강원도,인제군,북면,원통리,2001,20,,,20,,
아파트,육군,12사단,혜진아파트,강원도,인제군,북면,원통리,1994,2,,2,,,
아파트,육군,12사단,리버빌아파트,강원도,인제군,인제읍,상동리,2002,31,,6,,25,
아파트,육군,12사단,원통아르미소아파트,강원도,인제군,북면,원통리,2012,230,,82,134,14,
아파트,육군,21사단,경림아파트 101동,강원도,양구군,양구읍,상리,1998,65,,65,,,
아파트,육군,21사단,경림아파트 201동,강원도,양구군,양구읍,상리,2001,25,,25,,,
아파트,육군,21사단,고방산아파트 A동,강원도,양구군,방산면,고방산리,1994,30,,30,,,
아파트,육군,21사단,고방산아파트 B동,강원도,양구군,방산면,고방산리,2006,16,,16,,,
아파트,육군,21사단,대암아파트 E동,강원도,양구군,동면,임당리,1999,30,,30,,,
아파트,육군,21사단,대암아파트 F동,강원도,양구군,동면,임당리,2003,20,,20,,,
아파트,육군,21사단,백두산 아파트 A동,강원도,양구군,양구읍,죽곡리,2002,30,,30,,,
아파트,육군,21사단,백두산 아파트 B동,강원도,양구군,양구읍,죽곡리,1994,20,,20,,,
아파트,육군,21사단,백두산 아파트 D동,강원도,양구군,양구읍,죽곡리,2008,12,,,12,,
아파트,육군,21사단,백호아파트 102동,강원도,양구군,남면,용하리,2003,20,,20,,,
아파트,육군,21사단,보배아파트,강원도,양구군,양구읍,정림리,1993,45,,12,33,,
아파트,육군,21사단,"성공대아파트 A동,B동",강원도,양구군,양구읍,하리,1996,60,,60,,,
아파트,육군,21사단,정림아파트 102동,강원도,양구군,양구읍,정림리,1998,30,,30,,,
아파트,육군,21사단,정림아파트 103동,강원도,양구군,양구읍,정림리,2001,90,,90,,,
아파트,육군,21사단,"하리아파트(가동,나동)",강원도,양구군,양구읍,하리,1994,48,,48,,,
아파트,육군,3군수지원여단,신남아파트 3동,강원도,인제군,남면,신풍리,1998,30,,30,,,
아파트,육군,3군수지원여단,신남아파트 9동,강원도,인제군,남면,신풍리,2017,24,,,24,,
아파트,육군,3군수지원여단,골든빌아파트,강원도,인제군,남면,신남리,2002,21,,21,,,
아파트,육군,3군수지원여단,대삼아파트,강원도,인제군,남면,신남리,1992,7,,7,,,
아파트,육군,3군수지원여단,융창빌라,강원도,인제군,상남면,상남리,1974,9,,9,,,
아파트,육군,3군단,푸르미소아파트,강원도,인제군,인제읍,합강리,2020,122,,122,,,
아파트,육군,21사단,해링턴플레이스 BTL,강원도,양구군,양구읍,상리,2013,550,,100,350,100,
아파트,육군,21사단,포미재아파트,강원도,양구군,양구읍,상리,2004,44,,,40,4,
아파트,육군,21사단,해오름아파트,강원도,양구군,동면,인당리,2021,83,,,83,,
아파트,육군,20기갑여단,진격아파트 3동 관사,강원도,홍천군,화촌면,성산리,2002,30,,,30,,
연립,육군,20기갑여단,화양빌라 관사,강원도,홍천군,화촌면,주음치리,2006,6,,,6,,
연립,육군,20기갑여단,화양빌라 관사,강원도,홍천군,화촌면,주음치리,2006,4,,,,4,
아파트,육군,5군지여단,꿈에그린 푸르미마을,경기도,의정부시,가능동,,2016,360,,320,40,,
아파트,육군,5군지여단,청학 주공아파트,경기도,남양주시,별내면,청학리,1999,10,,,10,,
아파트,육군,1기갑여단,군 건립 6동,경기도,포천시,영북면,운천리,1994,30,,30,,,
아파트,육군,1기갑여단,군 건립 8동,경기도,포천시,영북면,운천리,2001,30,,30,,,
아파트,육군,1기갑여단,산내들 I-PARK 아파트,경기도,포천시,영북면,운천리,2014,395,,308,85,2,
아파트,육군,1기갑여단,산내들 아파트,경기도,포천시,영북면,운천리,2011,112,,56,52,4,
아파트,육군,1기갑여단,금강아미움,강원도,철원군,동송읍,이평리,2008,2,,,,2,
아파트,육군,3사단,김화BTL관사,강원도,철원군,김화읍,청양리,2011,200,,,194,6,
아파트,육군,3사단,신철원ESA아파트,강원도,철원군,갈말읍,신철원리,2008,62,,,,62,
아파트,육군,3사단,삼성스위첼,강원도,철원군,서면,자등리,2013,48,,48,,,
아파트,육군,3사단,삼성아파트 1동,강원도,철원군,서면,자등리,1985,24,24,,,,
아파트,육군,3사단,삼성아파트 3동,강원도,철원군,서면,자등리,1985,14,14,,,,
아파트,육군,3사단,삼성아파트 6동,강원도,철원군,서면,자등리,1999,30,,30,,,
아파트,육군,3사단,삼성아파트 7동,강원도,철원군,서면,자등리,2000,30,,30,,,
아파트,육군,3사단,삼성아파트 8동,강원도,철원군,서면,자등리,2000,30,,30,,,
아파트,육군,3사단,삼성아파트(9동),강원도,철원군,서면,자등리,2002,20,,20,,,
아파트,육군,3사단,쉬리마을,강원도,철원군,김화읍,학사리,2014,52,,52,,,
아파트,육군,3사단,신원아파트,강원도,철원군,서면,와수리,1996,50,,33,,17,
아파트,육군,3사단,청양아파트 1동,강원도,철원군,김화읍,청양리,1989,19,,19,,,
아파트,육군,3사단,청양아파트 2동,강원도,철원군,김화읍,청양리,1995,30,,30,,,
아파트,육군,3사단,청양아파트 3동,강원도,철원군,김화읍,청양리,2001,30,,,30,,
아파트,육군,3사단,유명한들 아파트,강원도,철원군,갈말읍,군탄리,1998,13,13,,,,
아파트,육군,3사단,혜산진아파트,강원도,철원군,갈말읍,지경리,2001,20,,20,,,
아파트,육군,6사단,경남아너스빌,강원도,철원군,동송읍,이평리,2012,324,,90,,219,15
아파트,육군,6사단,금강아파트,강원도,철원군,동송읍,이평리,2008,21,,,,21,
아파트,육군,6사단,금강아파트,강원도,철원군,동송읍,이평리,2008,31,,1,,30,
아파트,육군,6사단,산호아파트,강원도,철원군,철원읍,화지리,2002,87,,87,,,
아파트,육군,6사단,유명아파트102동,강원도,철원군,동송읍,이평리,1997,41,41,,,,
아파트,육군,6사단,청성아파트 11동,강원도,철원군,동송읍,이평리,2002,29,,29,,,
아파트,육군,6사단,청성아파트 8동,강원도,철원군,동송읍,이평리,1994,30,,30,,,
아파트,육군,6사단,청성아파트 9동,강원도,철원군,동송읍,이평리,1994,30,,30,,,
아파트,육군,6사단,청성아파트 10동,강원도,철원군,동송읍,이평리,2001,30,,30,,,
아파트,육군,6사단,중앙아파트,강원도,철원군,갈말읍,신철원리,1993,46,,6,40,,
아파트,육군,6사단,명품ESA아파트,강원도,철원군,갈말읍,지포리,2007,5,,,,5,
아파트,육군,5포병여단,금강아미움,강원도,철원군,동송읍,이평리,2008,14,,,,14,
아파트,육군,5포병여단,기산베스트빌,경기도,포천시,일동면,기산리,2006,12,,,12,,
아파트,육군,5포병여단,동송산호 아파트,강원도,철원군,철원읍,화지리,2002,85,,85,,,
아파트,육군,5포병여단,명품ESA 아파트,강원도,철원군,갈말읍,지포리,2008,16,,,,16,
아파트,육군,5포병여단,목련아파트 2동,강원도,철원군,갈말읍,문혜리,1983,24,,24,,,
아파트,육군,5포병여단,목련아파트 3동,강원도,철원군,갈말읍,문혜리,1993,24,,24,,,
아파트,육군,5포병여단,목련아파트 5동,강원도,철원군,갈말읍,문혜리,1995,60,,60,,,
아파트,육군,5포병여단,포천 산호 아파트,경기도,포천시,신북면,기지리,2001,13,,,13,,
아파트,육군,5포병여단,전곡 석미 모닝아파트,경기도,연천군,전곡읍,전곡리,2002,17,,17,,,
아파트,육군,5포병여단,승포아트빌,강원도,철원군,갈말읍,문혜리,2017,110,,,110,,
아파트,육군,5군단,산호아파트,경기도,포천시,신북면,기지리,2001,24,,24,,,
아파트,육군,5군단,포미재아파트,경기도,포천시,신북면,가채리,2005,32,,,32,,
아파트,육군,5군단,금강 아미움,강원도,철원군,동송읍,이평리,2009,5,,,,5,
아파트,육군,5군단,리버 아파트,경기도,포천시,일동면,기산리,1994,32,,32,,,
아파트,육군,5군단,새동네 아파트,경기도,포천시,이동면,노곡리,2003,20,,20,,,
아파트,육군,5군단,이동아이파크,경기도,포천시,이동면,장암리,2014,300,,,245,55,
아파트,육군,5군단,에이트빌,경기도,포천시,이동면,노곡리,2011,192,,92,92,8,
아파트,육군,5군단,오뚜기 아파트,경기도,포천시,이동면,노곡리,1994,38,,38,,,
아파트,육군,5군단,오뚜기빌,경기도,포천시,일동면,기산리,2011,104,,52,48,4,
아파트,육군,5군단,윤중후레쉬빌,경기도,포천시,신북면,기지리,2002,10,,10,,,
아파트,육군,5군단,이동승진아파트 3동,경기도,포천시,이동면,노곡리,2002,30,,,30,,
아파트,육군,5군단,일동승진아파트,경기도,포천시,일동면,유동리,1992,300,,60,240,,
아파트,육군,5군단,일신아파트,경기도,포천시,신읍동,,2002,17,,17,,,
연립,육군,5사단,07. 가온누리 24평,경기도,연천군,전곡읍,전곡리,2006,24,,24,,,
아파트,육군,5사단,"20. 금강아미움 24평, 21. 금강아미움 34평",강원도,철원군,동송읍,이평리,2008,44,,13,,31,
아파트,육군,5사단,18. 석미한아름 아파트 24평,경기도,연천군,전곡읍,전곡리,2002,12,,12,,,
아파트,육군,5사단,19. 석미모닝파크 아파트 28평,경기도,연천군,전곡읍,전곡리,2006,15,,,15,,
아파트,육군,5사단,"01. 연천 I-PARK 24평, 02. 연천 I-PARK 28평",경기도,연천군,연천읍,통현리,2015,462,,140,195,127,
아파트,육군,5사단,16. 조흥아파트 25평,경기도,연천군,연천읍,옥산리,1996,34,,,34,,
아파트,육군,5사단,18. 석미한아름 아파트 24평,경기도,연천군,전곡읍,전곡리,2002,10,,10,,,
연립,육군,5사단,17. 태창그린빌리지 22평,경기도,연천군,청산면,초성리,2003,5,,5,,,
아파트,육군,5사단,"04. 푸르미아르미소 25평, 31평, 40평",경기도,연천군,전곡읍,은대리,2012,296,,,36,250,10
연립,육군,5사단,02-1B. 하이파이브 아파트 (가동),경기도,연천군,신서면,도신리,1983,30,30,,,,
연립,육군,5사단,02-1B. 하이파이브 아파트 (나동),경기도,연천군,신서면,도신리,1983,30,,30,,,
연립,육군,5사단,"한아름 아파트(12동 24평, 13동 24평, 14동 24평)",경기도,연천군,전곡읍,은대리,2002,90,,90,,,
아파트,육군,28보병사단,4호 관사(봉암리),경기도,양주시,봉암리,,1989,1,,,,,1
아파트,육군,28보병사단,베스트 그린 28 2단지,경기도,동두천시,상패동,,1989,40,,30,10,,
아파트,육군,28보병사단,동두천 동남 아파트,경기도,동두천시,상패동,,1993,17,,17,,,
아파트,육군,28보병사단,동두천 현성 아파트,경기도,동두천시,지행동,,1993,12,,12,,,
아파트,육군,28보병사단,양주 덕정 주공아파트,경기도,양주시,덕정동,,2000,41,,4,37,,
아파트,육군,28보병사단,베스트 그린 28 쌍용아파트,경기도,연천군,전곡읍,전곡리,1994,54,,54,,,
아파트,육군,28보병사단,베스트 그린 28 태풍아파트,경기도,연천군,전곡읍,은대리,2003,89,,89,,,
아파트,육군,28보병사단,전곡 석미 아파트,경기도,연천군,전곡읍,전곡리,2002,10,,7,,3,
아파트,육군,1군단,덕정주공5단지,경기도,양주시,덕정동,,2000,25,6,19,,,
아파트,육군,1군단,푸른마을아파트101동,경기도,양주시,은현면,용암리,2014,16,,,16,,
아파트,육군,1군단,푸른마을아파트102동,경기도,양주시,은현면,용암리,2014,8,,,8,,
아파트,육군,1군단,푸른마을아파트,경기도,양주시,은현면,용암리,1991,27,27,,,,
연립,육군,6공병여단,관사,경기도,양주시,남방동,,1983,5,4,,,,1
연립,육군,6공병여단,관사,경기도,연천군,청산면,초성리,1983,1,,,,,1
아파트,육군,6군단,덕정주공아파트,경기도,양주시,덕정동,,2000,51,,8,43,,
아파트,육군,6군단,동화아파트,경기도,양주시,백석읍,,2004,5,,5,,,
아파트,육군,6군단,산호아파트,경기도,포천시,신북면,,2002,34,,,34,,
아파트,육군,6군단,성우헤스티아,경기도,양주시,광적면,,2004,13,,13,,,
아파트,육군,6군단,세아청솔,경기도,양주시,백석읍,,2004,1,,1,,,
아파트,육군,6군단,송우주공아파트,경기도,포천시,자작동,,2005,22,,,8,14,
아파트,육군,6군단,포미재아파트,경기도,포천시,신북면,,2004,23,,,23,,
아파트,육군,6군단,푸르미 아르미소,경기도,포천시,소흘읍,이동교리,2011,160,,,20,136,4
아파트,육군,7군단,동원베네스트 상승빌리지,경기도,이천시,장호원읍,이황리,2013,220,,,136,80,4
아파트,육군,7군단,송전아파트,경기도,이천시,장호원읍,진암리,2007,60,,60,,,
아파트,육군,7군단,도하빌리지,경기도,이천시,설성면,자석리,2011,82,,8,66,8,
아파트,육군,7군단,동남아파트,경기도,여주시,가남읍,신해리,1998,20,,20,,,
아파트,육군,8기동사단,포천 한우리아파트,경기도,포천시,신북면,심곡리,2013,72,,72,,,
아파트,육군,8기동사단,백석 해와달 아파트,경기도 ,양주시,백석읍,방성리,1983,120,,120,,,
아파트,육군,8기동사단,삼숭동 GS자이,경기도,양주시,삼숭동,,2005,3,,,2,1,
아파트,육군,8기동사단,지행주공아파트,경기도,동두천시,지행동,,1999,19,,,19,,
아파트,육군,8기동사단,천보아파트 3동,경기도,양주시,율정동,,1994,30,,30,,,
아파트,육군,8기동사단,덕계 범양마더빌 매입아파트,경기도,양주시,덕계동,,2009,9,,,,9,
아파트,육군,8기동사단,포천산호아파트,경기도,포천시,신북면,기지리,1999,22,,22,,,
아파트,육군,8기동사단,덕정주공 매입아파트,경기도,양주시,덕정동,,2000,159,,27,132,,
아파트,육군,8기동사단,독수리아파트,경기도,양주시,봉양동,,1993,8,,8,,,
아파트,육군,8기동사단,드림 아인스빌,경기도,동두천시,상패동,,2020,156,,,156,,
아파트,육군,11기동사단,삼호아파트,강원도,홍천군,홍천읍,하오안리,2000,55,,55,,,
아파트,육군,11기동사단,스무빌아파트,경기도,양평군,용문면,용문로,2016,392,,98,249,45,
아파트,육군,11기동사단,신아아파트,강원도,홍천군,홍천읍,희망리,2000,62,,62,,,
아파트,육군,11기동사단,청솔아파트,강원도,홍천군,홍천읍,연봉리,2000,182,,182,,,
아파트,육군,11기동사단,충정아파트,경기도,양평군,양평읍,창대리,1985,77,,77,,,
아파트,육군,11기동사단,조은아파트,경기도,여주시,대신면,초현리,1998,30,,30,,,
아파트,육군,11기동사단,현대아파트,강원도,홍천군,홍천읍,연봉리,2003,1,,,1,,
아파트,육군,11기동사단,화랑마을아파트,강원도,홍천군,남면,가작골길,2012,250,,30,190,30,
아파트,육군,11기동사단,화랑아파트(7동),강원도,홍천군,홍천읍,연봉리,1995,30,,30,,,
아파트,육군,11기동사단,화랑아파트(8동),강원도,홍천군,홍천읍,연봉리,1998,30,,30,,,
아파트,육군,11기동사단,낙원아파트,강원도,홍천군,남면,양덕원리,1993,30,,18,12,,
아파트,육군,11기동사단,모아빌아파트101동(舊 화랑아파트),경기도,양평군,옥천면,용천리,2008,30,,30,,,
아파트,육군,11기동사단,미소지움아파트,강원도,홍천군,홍천읍,갈마곡리,2007,16,,,,16,
아파트,육군,11기동사단,비바체아파트,경기도,양평군,개군면,하자포리,2009,29,,29,,,
아파트,육군,수기사단,"맹호 A동, B동",경기도,가평군,하면,현리,2002,50,,50,,,
아파트,육군,수기사단,맹호 C동,경기도,가평군,하면,현리,2010,32,,32,,,
아파트,육군,수기사단,기산아파트,경기도,포천시,일동면,기산리,2006,15,,,15,,
아파트,육군,수기사단,꿈에그린아파트,경기도,가평군,하면,현리,2015,160,,20,120,20,
아파트,육군,수기사단,리버아파트,경기도,포천시,일동면,기산리,1994,20,,20,,,
아파트,육군,수기사단,맹호아파트 101동~108동,경기도,가평군,하면,현리,1994,198,,198,,,
아파트,육군,2신속사단,대원네스트빌,세종특별자치시,세종시,연서면,봉암리,2002,9,,,9,,
아파트,육군,2신속사단,두진하트리움,충청북도,청주시 흥덕구,복대동,,1999,20,,20,,,
아파트,육군,2신속사단,세종빌 아파트,세종특별자치시,세종시,연서면,봉암리,2016,96,,80,16,,
아파트,육군,2신속사단,신흥주공아파트,세종특별자치시,세종시,조치원읍,신흥리,1999,11,,,11,,
아파트,육군,2신속사단,현대아파트, 충청북도,청주시 흥덕구,복대동,,1999,4,,4,,,
아파트,육군,7포병여단,한강아파트,경기도,남양주시,와부읍,월문리,1991,90,66,24,,,
아파트,육군,7포병여단,7A빌리지,경기도,남양주시,와부읍,석실로,1991,72,24,48,,,
아파트,육군,8군단,고성 대명아파트(24평),강원도,고성군,간성읍,상리,1997,20,,20,,,
아파트,육군,8군단,"고성 삼익아파트(24평, 29평)",강원도,고성군,간성읍,신안리,1998,40,,10,30,,
아파트,육군,8군단,고성 군인아파트 6동 (15평),강원도,고성군,간성읍,신안리,1982,4,4,,,,
아파트,육군,8군단,"고성 군인아파트 7,8동 (15평)",강원도,고성군,간성읍,신안리,1986,35,35,,,,
아파트,육군,8군단,"고성 오호리 군인아파트(19평형, 21평형)",강원도,고성군,죽왕면,오호리,1992,46,,46,,,
아파트,육군,8군단,"고성 율곡타운(24평형, 28평형)",강원도,고성군,간성읍,신안리,2018,134,,134,,,
아파트,육군,8군단,"속초 늘푸른 아파트(24평, 32평)",강원도,속초시,교동,,2000,123,,107,,16,
아파트,육군,8군단 ,속초 성호 아파트(25평형),강원도,속초시,조양동,,2000,209,,,209,,
아파트,육군,8군단,속초 옥토 아파트(24평형),강원도,속초시,교동,,1997,34,,34,,,
아파트,육군,8군단,속초 해오름 아파트 5동(15평),강원도,속초시,교동,,1990,12,12,,,,
아파트,육군,8군단 ,속초 현대3차 아파트(32평형),강원도,속초시,교동,,1998,16,,,,16,
아파트,육군,8군단,속초 대명3차 아파트(25평형),강원도,속초시,교동,,1994,38,,,38,,
아파트,육군,8군단,속초 대명5차 아파트(26평형),강원도,속초시,동명동,,1994,17,,,17,,
아파트,육군,8군단,속초 청초대우아파트(23평형),강원도,속초시,,,1998,10,10,,,,
아파트,육군,8군단,속초 명지 미래힐 아파트(33평형),강원도,속초시,교동,,2006,43,,,,43,
아파트,육군,8군단,속초 동부아파트(32평형),강원도,속초시,교동,,1997,21,,,,21,
아파트,육군,8군단,속초 부영 아파트(31평형),강원도,속초시,조양동,,1996,11,,,,11,
아파트,육군,8군단,속초 삼환 아파트(22평형),강원도,속초시,교동,,1994,10,,10,,,
아파트,육군,8군단,"양양 로얄 아파트(30평형, 33평형)",강원도,양양군,양양읍,구교리,2000,13,,,9,4,
아파트,육군,8군단,양양 샹스빌 아파트(36평형),강원도,양양군,양양읍,송암리,2008,29,,,,29,
아파트,육군,8군단,"양양 푸르미 아파트(23평형, 34평형)",강원도,양양군,양양읍,월리,2002,11,,8,,3,
아파트,육군,8군단,"양양 해오름 아파트(2동,3동)",강원도,양양군,양양읍,남문리,1989,33,33,,,,
아파트,육군,8군단,양양 해오름 아파트 8동 (28평형),강원도,양양군,양양읍,남문리,2017,40,,,40,,
아파트,육군,8군단,"양양 해오름 아파트 7동(19평형, 21평형)",강원도,양양군,양양읍,남문리,1984,20,,20,,,
아파트,육군,8군단,양양 심미 아파트(25평형),강원도,양양군,현북면,중광정리,2001,7,,,7,,
아파트,육군,8군단,"강릉 한라3차 아파트(24평형, 28평형)",강원도,강릉시,노암동,,2000,7,,5,2,,
아파트,육군,8군단,강릉 기산 아파트(23평),강원도,강릉시,내곡동,,1997,22,,22,,,
아파트,육군,8군단,강릉 내곡한라 아파트(24평),강원도,강릉시,내곡동,,1998,2,,2,,,
아파트,육군,8군단,"강릉 양우내안애(23평형,25평형,33평형)",강원도,강릉시,노암동,,2009,45,,4,11,30,
아파트,육군,8군단,강릉 노암주공 아파트(16평),강원도,강릉시,노암동,,1985,10,,10,,,
아파트,육군,8군단,"강릉 신도브레뉴 아파트(23평형, 32평형)",강원도,강릉시,견소동,,2005,18,,13,,5,
아파트,육군,8군단,강릉 이화 아파트(19평형),강원도,강릉시,교동,,1986,6,,6,,,
아파트,육군,8군단,"강릉 입암현대 아파트(23평형, 32평형)",강원도,강릉시,입암동,,1998,52,,51,,1,
아파트,육군,8군단,강릉 포남일송 아파트(24평형),강원도,강릉시,포남동,,1995,1,,1,,,
아파트,육군,8군단,강릉 힐스테이트 아파트(33평형),강원도,강릉시,홍제동,,2009,1,,,,1,
아파트,육군,8군단,"동해 대동아파트(28평형, 32평형)",강원도,동해시,동회동,,1996,33,,,31,2,
아파트,육군,8군단,동해 대동 현대아파트(20평형),강원도,동해시,동회동,,1998,30,,30,,,
아파트,육군,8군단,삼척 강부3차아파트(26평형),강원도,삼척시,정상동,,1995,10,,,10,,
아파트,육군,8군단,삼척 동부아파트(23평형),강원도,삼척시,교동,,1996,70,,70,,,
아파트,육군,8군단,삼척 신동아아파트(22평형),강원도,삼척시,교동,,1998,34,,34,,,
아파트,육군,8군단,원당현대아파트,강원도,삼척시,원당동,,1998,47,,47,,,
아파트,육군,8군단,삼척 코아루아파트(25평형),강원도,삼척시,교동,,2005,110,,,110,,
아파트,육군,수도군단,군포당동아파트,경기도,군포시,당동,,2014,91,,,,91,
아파트,육군,수도군단,데코빌아파트 ,경기도,시흥시,하중동,,2002,36,,36,,,
아파트,육군,수도군단,동운디오빌,경기도,시흥시,거모동,,2004,15,,15,,,
아파트,육군,수도군단,브라운스톤 하나마을,경기도 ,안양시,만안구 박달동,,2012,360,,,345,15,
아파트,육군,수도군단,안양행복마을,경기도,안양시,동안구 비산동,,2017,124,,,124,,
연립,육군,수도군단,한강아파트,경기도,부천시,오정구 오정동,,1994,80,80,,,,
아파트,육군,수도군단,위례스타힐스,서울특별시,송파구,장지동,,2017,41,,16,23,2,
아파트,육군,수도포병여단,아미빌아파트,경기도,김포시,마산동,,2012,40,,,40,,
아파트,육군,수도포병여단,양곡휴먼시아,경기도,김포시,양촌읍,양곡리,2012,7,,,1,6,
아파트,육군,수도군단,만수주공아파트,인천광역시,남동구,만수동,,1987,10,,10,,,
아파트,육군,수도포병여단,한빛아파트,인천광역시,서구,공촌동,,1990,4,4,,,,
아파트,육군,수도군단,홍익아파트,경기도,시흥시,매화동,,2001,4,,4,,,
아파트,육군,수도군단,성우헤스티아,경기도 ,양주시,광적면,가납리,2004,17,,17,,,
아파트,육군,수도군단,수리마을,경기도,용인시,수지구,,2015,88,,88,,,
아파트,육군,51사단,구운삼환 아파트,경기도,수원시,권선구,,1991,2,,2,,,
아파트,육군,51사단,오산운암아파트,경기도,오산시,부산동,,2000,10,,10,,,
아파트,육군,51사단,평택진우자란아파트,경기도,평택시,비전동,,2000,6,,,6,,
아파트,육군,51사단,향남신명스카이뷔,경기도,화성시,향남읍,행정리,2008,9,,,,9,
아파트,육군,51사단,칠보아파트 3동,경기도,화성시,매송면,원평리,1994,30,,30,,,
아파트,육군,51사단,평택삼익사이버아파트,경기도,평택시,동삭동,,2000,8,,8,,,
아파트,육군,51사단,배곧 골드클래스,경기도,시흥시,정왕동,,2016,4,,,4,,
아파트,육군,51사단,시화영남5단지아파트,경기도,시흥시,정왕동,,1996,1,,,,1,
아파트,육군,51사단,안산엘리지움2차 주상복합,경기도,안산시,상록구,사동,2009,2,,,2,,
아파트,육군,51사단,옥구마을계룡2차 아파트,경기도,시흥시,정왕동,,1998,1,,,,1,
아파트,육군,51사단,인천서창LH6단지 아파트,인천광역시,남동구,서창동,,2014,24,,,,24,
아파트,육군,51사단,호반베르디움더프라임(2차),경기도,시흥시,정왕동,,2016,5,,,5,,
아파트,육군,51사단,태평아파트,경기도,평택시,고덕면,궁리,1996,3,,3,,,
아파트,육군,51사단,평택브라운스톤험프리스,경기도,평택시,팽성읍,안정리,2016,1,,,,1,
아파트,육군,51사단,밤개울아파트,경기도,평택시,고덕면,율포리,1992,3,,3,,,
아파트,육군,51사단,자이2차아파트(4단지 및 5단지),경기도,평택시,동삭동,,2018,14,,,14,,
아파트,육군,51사단,제일풍경채아파트,경기도,평택시,장당동,,2018,25,,,25,,
아파트,육군,17사단,하우스D아파트,인천광역시,부평구,청천동,,2014,60,,14,35,11,
아파트,육군,17사단,삼마아파트,인천광역시,부평구,부개동,,1994,150,,150,,,
아파트,육군,17사단,삼마아파트 관사(106동),인천광역시,부평구,부개동,,2004,30,,30,,,
아파트,육군,17사단,삼마아파트 관사(107동),인천광역시,부평구,부개동,,2004,30,,30,,,
아파트,육군,17사단,백승아파트,인천광역시,계양구,귤현동,,1996,23,,23,,,
아파트,육군,17사단,학운아파트,경기도,김포시,양촌읍,학운리,2001,10,,10,,,
아파트,육군,17사단,검단아파트,인천광역시,서구,금곡동,,1985,8,8,,,,
아파트,육군,17사단,미추홀아파트,인천광역시,부평구,산곡동,,2003,20,,20,,,
아파트,육군,17사단,만수주공아파트,인천광역시,남동구,만수동,,1987,53,,53,,,
아파트,육군,17사단,삼산광명아파트,인천광역시,부평구,삼산동,,1990,3,,3,,,
아파트,육군,17사단,프리쌍뜨아파트,인천광역시,부평구,산곡동,,2004,1,,,,1,
아파트,육군,17사단,산곡한신휴아파트,인천광역시,부평구,산곡동,,2003,4,,,4,,
아파트,육군,17사단,우림필유아파트,인천광역시,부평구,청천동,,2005,4,,,4,,
아파트,육군,17사단,삼부한신아파트,인천광역시,부평구,부개동,,1999,1,,,,,1
아파트,육군,17사단,삼익플라주아파트,인천광역시,남동구,만수동,,2008,11,,,,11,
아파트,육군,17사단,서창아파트,인천광역시,남동구,서창동,,2014,26,,,,26,
아파트,육군,17사단,신동아아파트,인천광역시,계양구,오류동,,1997,23,,,,23,
아파트,육군,17사단,해태아파트,서울특별시,강서구,공항동,,2000,1,,1,,,
아파트,육군,17사단,청구한라아파트,경기도,김포시,북변동,,1998,2,,2,,,
아파트,육군,17사단,신안실크밸리아파트,경기도,김포시,감정동,,2001,10,,,10,,
아파트,육군,17사단,싱그리아아파트,경기도,김포시,통진읍,서암리,2004,10,,8,,2,
아파트,육군,17사단,강화현대아파트,인천광역시,강화군,강화읍,갑곳리,1994,2,,,,2,
아파트,육군,17사단,마전하나아파트,인천광역시,서구,마전동,,2001,27,,27,,,
아파트,육군,17사단,주안한신휴아파트,인천광역시,남구,주안동,,2008,1,,,,1,
아파트,육군,17사단,주공스카이빌아파트,인천광역시,중구,운서동,,2001,28,,28,,,
연립,육군,수도군단,충의관사,인천광역시,부평구,일신동,,1991,10,8,2,,,
아파트,육군,수도군단,하늘마을,인천광역시,부평구,일신동,,2004,24,,24,,,
아파트,육군,수도방위사령부,다청림카운티 관사 104동,경기도,안양시 만안구,박달동,,2016,10,,10,,,
아파트,육군,수도방위사령부,다청림카운티 관사 105동,경기도,안양시 만안구,박달동,,2016,10,,10,,,
아파트,육군,수도방위사령부,다청림카운티 관사 109동,경기도,안양시 만안구,박달동,,2016,4,,4,,,
아파트,육군,수도방위사령부,성남아파트 나동,경기도,성남시 수정구,심곡동,,2002,25,,25,,,
아파트,육군,수도방위사령부,성남아파트 다동,경기도,성남시 수정구,심곡동,,1983,32,32,,,,
아파트,육군,수도방위사령부,옥인아파트 가동,서울특별시,종로구,옥인동,,1980,40,40,,,,
아파트,육군,수도방위사령부,옥인아파트 나동,서울특별시,종로구,옥인동,,1980,40,40,,,,
아파트,육군,수도방위사령부,옥인아파트 다동,서울특별시,종로구,옥인동,,1980,40,40,,,,
아파트,육군,수도방위사령부,블루힐아파트,서울특별시,성북구,정릉동,,1982,50,50,,,,
아파트,육군,수도방위사령부,블루힐아파트,서울특별시,성북구,정릉동,,1990,10,,10,,,
연립,육군,수도방위사령부,관사,서울특별시,관악구,남현동,,1991,14,,,14,,
아파트,육군,수도방위사령부,한울아파트 1동,서울특별시,관악구,남현동,,1991,28,,28,,,
아파트,육군,수도방위사령부,한울아파트 2동,서울특별시,관악구,남현동,,1991,31,,31,,,
아파트,육군,수도방위사령부,한울아파트 3동,서울특별시,관악구,남현동,,1991,31,,31,,,
아파트,육군,수도방위사령부,한울아파트 4동,서울특별시,관악구,남현동,,1991,32,,32,,,
아파트,육군,수도방위사령부,한울아파트 5동,서울특별시,관악구,남현동,,1991,32,,32,,,
아파트,육군,수도방위사령부,한울아파트 6동,서울특별시,관악구,남현동,,1991,8,,8,,,
아파트,육군,수도방위사령부,한울아파트 7동,서울특별시,관악구,남현동,,1991,32,,32,,,
아파트,육군,수도방위사령부,한울아파트 8동,서울특별시,관악구,남현동,,1991,32,,32,,,
아파트,육군,수도방위사령부,한울아파트 9동,서울특별시,관악구,남현동,,1991,31,,31,,,
아파트,육군,수도방위사령부,한울아파트 10동,서울특별시,관악구,남현동,,1991,32,,32,,,
아파트,육군,수도방위사령부,한울아파트 11동,경기도,과천시,과천동,,1991,21,,20,1,,
아파트,육군,수도방위사령부,한울아파트 12동,경기도,과천시,과천동,,2000,32,,32,,,
연립,육군,수도방위사령부,솔개연립 가동,경기도,과천시,과천동,,1992,18,,18,,,
아파트,육군,수도방위사령부,후암아파트 가동,서울특별시,용산구,용산동2가,,1975,5,,5,,,
아파트,육군,수도방위사령부,후암아파트 나동,서울특별시,용산구,용산동2가,,1977,24,24,,,,
아파트,육군,수도방위사령부,후암아파트 다동,서울특별시,용산구,용산동2가,,1984,30,30,,,,
아파트,육군,수도방위사령부,후암아파트 라동,서울특별시,용산구,용산동2가,,1987,25,20,5,,,
아파트,육군,수도방위사령부,오정 휴먼시아,경기도,부천시,오정구,오정동,2006,2,,2,,,
아파트,육군,수도방위사령부,소사 뜨란채 주공아파트 ,경기도,부천시,소사구,송내동,2006,3,,3,,,
아파트,육군,수도방위사령부,신곡아파트,경기도,의정부시,신곡동,,2002,9,,9,,,
연립,육군,수도방위사령부,금호관사,서울특별시,성동구,금호동2가,,2001,8,,8,,,
아파트,육군,수도방위사령부,예중 파크뷰 아파트,경기도,고양시 덕양구,,,2004,11,,,,11,
연립,육군,수도방위사령부,현저 관사,서울특별시,종로구,무악동,교현리,2006,8,,,8,,
아파트,육군,수도방위사령부,신안 실크밸리,경기도,김포시,,,2002,14,,14,,,
연립,육군,수도방위사령부,희망누리관사(김포),경기도,김포시,,,2010,16,,,16,,
아파트,육군,수도방위사령부,이태원 대림 아파트,서울특별시,용산구,이태원동,,1993,1,,,1,,
아파트,육군,수도방위사령부,대방동 대림 아파트,서울특별시,동작구,대방동,,1994,1,,,1,,
아파트,육군,수도방위사령부,독립문삼호아파트,서울특별시,서대문구,영천동,,1996,3,,,2,1,
아파트,육군,수도방위사령부,무궁화아파트,경기도,광명시,소하동,,1998,24,,24,,,
아파트,육군,수도방위사령부,무지개아파트 107동,서울특별시,서초구,내곡동,,1989,16,16,,,,
아파트,육군,수도방위사령부,무지개아파트 108동,서울특별시,서초구,내곡동,,1997,30,,30,,,
아파트,육군,수도방위사령부,창박아파트,경기도,안양시 만안구,안양동,,1999,24,,24,,,
아파트,육군,수도방위사령부,백운아파트 (1동),경기도,고양시 덕양구,지축동,,1990,30,30,,,,
아파트,육군,수도방위사령부,백운아파트 (2동),경기도,고양시 덕양구,지축동,,1990,30,30,,,,
아파트,육군,수도방위사령부,백운아파트 (3동),경기도,고양시 덕양구,지축동,,1990,30,30,,,,
아파트,육군,수도방위사령부,백운아파트 (5동),경기도,고양시 덕양구,지축동,,1990,20,20,,,,
아파트,육군,수도방위사령부,백운아파트 (6동),경기도,고양시 덕양구,지축동,,1990,10,10,,,,
아파트,육군,수도방위사령부,백운아파트 (7동),경기도,고양시 덕양구,지축동,,1990,13,13,,,,
아파트,육군,수도방위사령부,백운아파트 (8동),경기도,고양시 덕양구,지축동,,1990,30,,30,,,
아파트,육군,수도방위사령부,청운아파트(2동),경기도,양주시,장흥면,교현리,1995,30,,30,,,
아파트,육군,수도방위사령부,개나리아파트 (1동),경기도,구리시,인창동,,1990,24,24,,,,
아파트,육군,수도방위사령부,개나리아파트 (2동),경기도,구리시,인창동,,1990,24,24,,,,
아파트,육군,수도방위사령부,개나리아파트 (5동),경기도,구리시,인창동,,1997,20,,20,,,
아파트,육군,수도방위사령부,개나리아파트 (6동),경기도,구리시,인창동,,1997,9,,,,9,
아파트,육군,수도방위사령부,덕정아파트(512동),경기도,양주시,덕정동,,1995,3,,3,,,
아파트,육군,수도방위사령부,덕정아파트(518동),경기도,양주시,덕정동,,1995,9,,,9,,
아파트,육군,13특임여단,삼일아파트,충청북도,청주시 청원구,내수읍,내수리,1996,15,,15,,,
아파트,육군,11공수특전여단,래인보우APT,전라남도,담양군,담양읍,지침리,2004,54,,,,54,
아파트,육군,9공수특전여단,만수주공아파트,인천광역시,남동구,만수동,,2000,10,,10,,,
아파트,육군,특전사령부,탐라빌,제주특별자치도,제주시,노형동,,2001,1,,1,,,
아파트,육군,11공수특전여단,매화아파트,전라남도,담양군,담양읍,오계리,2012,192,,,184,8,
아파트,육군,7공수특전여단,배산 제일2차 아파트,전라북도,익산시,모현동1가,,1996,30,,,30,,
아파트,육군,특수전학교,백마빌리지(BTL),경기도,광주시,오포읍,매산리,2015,134,,,79,46,9
아파트,육군,7공수특전여단,부송 아름드리 아파트,전라북도,익산시,부송동,,1994,43,,43,,,
아파트,육군,11공수특전여단,용두주공APT,광주광역시,북구,신용동,,1998,34,,34,,,
아파트,육군,1공수특전여단,BTL 신동아아파트,서울특별시,양천구,신월동,,2015,375,,94,203,78,
아파트,육군,9공수특전여단,전진아파트,경기도,부천시,소사구,송내동,1994,8,,8,,,
아파트,육군,1공수특전여단,제일아파트,서울특별시,양천구,신월동,,2002,41,,41,,,
아파트,육군,7공수특전여단,천마BTL 아파트,전라북도,익산시,금마면,동고도리,2012,190,,,152,38,
아파트,육군,특수전학교,용인피렌체 아파트(매입),경기도,용인시 처인구,고림동,,2000,20,,20,,,
아파트,육군,국평단,국평단 BTL 부평관사 하우스디아파트,인천광역시,부평구,청천동,,2014,106,,23,63,20,
아파트,육군,9공수특전여단,BTL 부평관사 하우스디아파트,인천광역시,부평구,청천동,,2014,290,,64,169,57,
아파트,육군,국평단,국평단 관사 흑룡아파트,인천광역시,계양구,효성동,,1985,55,55,,,,
아파트,육군,13특임여단,흑표리슈빌아파트,충청북도,증평군,증평읍,내성리,2013,266,,57,139,66,4
아파트,육군,특전사령부,아름수리아파트,경기도,이천시,마장면,양촌2리,2015,748,,,411,337,
아파트,육군,특전사령부,두매아파트 1동,충청북도,음성군,금왕읍,쌍봉리,1993,30,,30,,,
아파트,육군,특수전학교,백마대 아파트 201동,경기도,광주시,오포읍,양벌리,2006,10,,,,10,
아파트,육군,항작사,에어팰리스 (하남),경기도,하남시,초이동,,2015,120,,,72,40,8
아파트,육군,항작사,동양아파트,경기도,이천시,송정동,,2000,31,,1,,30,
아파트,육군,항작사,동남아파트,경기도,여주시,가남읍,신해리,1997,26,,26,,,
아파트,육군,항작사,비승 110동,경기도,이천시,대포동,,1999,23,,,23,,
아파트,육군,항작사,비승아파트,경기도,이천시,대포동,,2013,200,,16,160,24,
아파트,육군,항작사,유승아파트,경기도,이천시,부발읍,신하리,2001,18,,,18,,
아파트,육군,항작사,현대6차아파트,경기도,이천시,대월면,사동리,1999,12,,,,12,
아파트,육군,항작사,백조아파트,충청남도,논산시,광석면,왕전리,1992,8,8,,,,
아파트,육군,항작사,현대 7차아파트,경기도,이천시,부발읍,아미리,1999,19,,,19,,
아파트,육군,항작사,신흥주공아파트,세종특별자치시,세종특별자치시,조치원읍,신흥리,1999,15,,,,15,
아파트,육군,항작사,청솔아파트,세종특별자치시,세종특별자치시,연서면,월하리,1998,7,,7,,,
아파트,육군,항작사,풍산아파트,세종특별자치시,세종특별자치시,조치원읍,정리,1999,23,,,,23,
연립,육군,항작사,하남 연립관사,경기도,하남시,초이동,,1978,4,,4,,,
아파트,육군,항작사,논산 월야아파트,충청남도,논산시,연무읍,안심리,1992,19,,,19,,
아파트,육군,항작사,용인 피렌체아파트,경기도,용인시 처인구,고림동,,2000,30,,30,,,
아파트,육군,미사일사령부,태전 효성해링턴 플레이스,경기도,광주시,태전동,,2018,5,,,,5,
아파트,육군,미사일사령부,영월 코아루 웰라움 아파트,강원도,영월군,영월읍,덕포리,2018,6,,,6,,
아파트,육군,미사일사령부,마룡리 B동 아파트  ,경기도,양평군,용문면,마룡리,1994,30,,30,,,
연립,육군,미사일사령부,연립관사,강원도,원주시,문막읍 지정면,간현리,2005,12,,12,,,
아파트,육군,미사일사령부,영진리버빌(1200),경기도,여주시,연양동,,2006,24,,,,24,
아파트,육군,미사일사령부,해오름(1200),경기도,하남시,신장동,,1996,7,,,7,,
아파트,육군,미사일사령부,부영 아파트(1200),경기도,하남시,창우동,,1994,4,,,4,,
아파트,육군,미사일사령부,창우마을 아파트(1200),경기도,하남시,창우동,,2004,1,,1,,,
아파트,육군,미사일사령부,한빛맨션(1400),충청북도,단양군,매포읍,평동리,2010,12,,,12,,
아파트,육군,미사일사령부,J클래식 아파트(1400),강원도,영월군,영월읍,영흥리,2009,24,,,7,17,
아파트,육군,미사일사령부,한라비발디(1400),강원도,원주시,우산동,,2009,7,,,,7,
아파트,육군,미사일사령부,흥화브라운빌 아파트(1400),강원도,원주시,태장동,,2006,8,,,,8,
아파트,육군,미사일사령부,신원아침도시더퍼스트,충청북도,제천시,천남동,,2019,23,,,3,20,
아파트,육군,미사일사령부,대소산수화,충청북도,음성군,대소면,대풍리,2004,45,,45,,,
아파트,육군,미사일사령부,두진하트리움,충청북도,음성군,금왕읍,금석리,2007,32,,,,32,
아파트,육군,미사일사령부,명운네스트빌,충청북도,음성군,금왕읍,무극리,2004,2,,,,,2
아파트,육군,미사일사령부,무극아파트,충청북도,음성군,생극면,관성리,2012,18,,8,10,,
아파트,육군,미사일사령부,원주 성호 샤인힐즈,강원도,원주시,태장동,,2004,4,,1,3,,
아파트,육군,미사일사령부,순창 미르채 아파트,전라북도,순창군,순창읍,남계리,2019,11,,,,11,
아파트,육군,미사일사령부,순창 온리뷰 아파트,전라북도,순창군,순창읍,순화리,2017,36,,,36,,
아파트,육군,미사일사령부,안성 그대가 아파트(1300),경기도,안성시,공도읍,마정리,2007,2,,,,2,
아파트,육군,미사일사령부,안성 한일타운아파트(1300),경기도,안성시,공도읍,만정리,2005,24,,24,,,
아파트,육군,미사일사령부,청구아파트(1300),충청남도,서산시,인지면,둔당리,2003,11,,,11,,
아파트,육군,미사일사령부,창녕그린시티 아파트(1500),경상남도,창녕군,창녕읍,교리,2010,22,,,,22,
아파트,육군,미사일사령부,해모로 루비채(1500),경상남도,진주시,초전동,,2014,14,,,,14,
아파트,육군,미사일사령부,해모로 루비채(1700-1),경상남도,진주시,초전동,,2014,8,,,,8,
아파트,육군,미사일사령부,휴먼시아 아파트(1500),경상남도,진주시,평거동,,2012,14,,,,14,
아파트,육군,미사일사령부,엠코 더 프라하(1700-1),경상남도,진주시,평거동,,2014,6,,,,6,
아파트,육군,미사일사령부,담양 일신프레뷰,전라남도,담양군,담양읍,지침리,2017,6,,,3,3,
아파트,육군,미사일사령부,담양 별해리아파트,전라남도,담양군,담양읍,백동리,2015,1,,,1,,
아파트,육군,미사일사령부,광주 우방아이유쉘,광주광역시,북구,용두동,,2018,16,,,,16,
연립,육군,군수사,칠성관사,대전광역시,유성구,지족동,,2007,6,,,,,6
아파트,육군,군수사,복정아파트,대전광역시,서구,복수동,,1982,20,20,,,,
아파트,육군,종합보급창,안락뜨란채 1단지,부산광역시,동래구,안락동,,2005,4,,,4,,
아파트,육군,종합보급창,미래로아파트,세종특별자치시,세종특별자치시,부강면,부강리,2002,192,,,192,,
아파트,육군,종합보급창,산곡동 청산 군인 아파트,인천광역시,부평구,산곡동,,1993,16,,16,,,
아파트,육군,종합정비창,칠성그린 아파트,경상남도,창원시 의창구,동읍,신방리,1996,3,,,3,,
아파트,육군,종합정비창,칠성그린 아파트,경상남도,창원시 의창구,동읍,신방리,1996,954,954,,,,
아파트,육군,종합정비창,칠성그린 연립아파트,경상남도,창원시 의창구,동읍,신방리,1996,17,,17,,,
아파트,육군,종합정비창,신항만 경남 아너스빌,경상남도,창원시 진해구,마천동,,2009,13,,,,13,
아파트,육군,종합정비창,풍림아파트,경상남도,창원시 진해구,청안동,,2000,41,,41,,,
아파트,육군,탄약사,무궁화아파트102동,대전광역시,대덕구,장동,,1998,30,,30,,,
아파트,육군,탄약사,청솔아파트,대전광역시,유성구,송강동,,1995,8,,,8,,
아파트,육군,탄약사 2탄약창,망정주공아파트(매입),경상북도,영천시,망정동,,1996,24,,24,,,
아파트,육군,탄약사 2탄약창,해피포유아파트(매입),경상북도,영천시,고경면,단포리,2007,12,,4,8,,
아파트,육군,탄약사 2탄약창,경산 보국웰리치아파트(매입),경상북도,경산시,진량읍,신상리,2005,8,,4,4,,
연립,육군,탄약사 3탄약창,101동 연립관사,충청남도,천안시 서북구,성환읍,성월리,1985,10,,10,,,
아파트,육군,탄약사 3탄약창,성환부영3차아파트,충청남도,천안시 서북구,성환읍,매주리,2006,4,,,,4,
아파트,육군,탄약사 3탄약창,쌍용주공9단지아파트,충청남도,천안시 서북구,쌍용동,,1998,8,,8,,,
아파트,육군,탄약사 5탄약창,고암두진백로아파트,충청북도,제천시,고암동,,1997,10,,10,,,
아파트,육군,탄약사 5탄약창,로즈웰아파트,충청북도,제천시,신백동,,2000,11,,11,,,
아파트,육군,탄약사 5탄약창,일동아파트,충청북도,제천시,동현동,,1997,11,,11,,,
아파트,육군,탄약사 6탄약창,두레마을 아파트,전라북도,임실군,신평면,대리,1997,25,,25,,,
아파트,육군,탄약사 7탄약창,새한아파트,충청북도,충주시,목행동,,1995,3,,3,,,
아파트,육군,탄약사 7탄약창,연수주공 4단지 아파트,충청북도,충주시,연수동,,1997,10,,10,,,
아파트,육군,탄약사 7탄약창,충성아파트,충청북도,충주시,주덕읍,삼청리,1982,20,20,,,,
아파트,육군,탄약사 8탄약창,성산아파트,충청북도,영동군,양강면,묘동리,1998,2,,2,,,
연립,육군,탄약사 8탄약창,양강마을,충청북도,영동군,양강면,묘동리,1989,8,,8,,,
아파트,육군,탄약사 9탄약창,금강매화,경상남도,창원시 의창구,소답동,,1998,9,,1,8,,
아파트,육군,탄약사 9탄약창,봉암서광,경상남도,창원시 마산회원구,봉암동,,2000,2,,,2,,
아파트,육군,탄약사 9탄약창,한일타운,경상남도,창원시 마산회원구,합성동,,2008,3,,,,3,
아파트,육군,탄약사 11탄약창,운주산아파트 나동,세종특별자치시,세종특별자치시,전의면,,1992,3,,3,,,
아파트,육군,부사관학교,BTL푸른마을 아파트,전라북도,익산시,여산면,제남리,2013,120,,,80,40,
아파트,육군,부사관학교,아름드리 아파트,전라북도,익산시,부송동,,1994,30,,30,,,
아파트,육군,부사관학교,주공 5차 아파트,전라북도,익산시,어양동,,1998,20,,20,,,
아파트,육군,부사관학교,월야아파트,충청남도,논산시,연무읍,안심리,1998,31,,31,,,
아파트,육군,육군방공학교,신동아아파트,세종특별자치시,세종특별자치시,조치원읍,죽림리,1996,1,,1,,,
아파트,육군,육군방공학교,욱일아파트,세종특별자치시,세종특별자치시,조치원읍,침산리,1996,2,,2,,,
아파트,육군,육군방공학교,네스트빌아파트,세종특별자치시,세종특별자치시,연서면,봉암리,2001,4,,1,3,,
아파트,육군,육군방공학교,청정아파트,세종특별자치시,세종특별자치시,연동면,명학리,2001,16,,16,,,
아파트,육군,육군방공학교,파크리안아파트,세종특별자치시,세종특별자치시,조치원읍,남리,2003,2,,,,2,
아파트,육군,종합행정학교,남성대힐스테이트,충청북도,영동군,영동읍,부용리,2011,194,,55,60,79,
아파트,육군,육군항공학교,한청아파트,충청남도,논산시,반월동,,2002,10,,10,,,
아파트,육군,육군항공학교,두산신성,충청남도,계룡시,엄사면,엄사리,1994,1,,1,,,
아파트,육군,육군훈련소,기산아파트,충청남도,논산시,연무읍,동산리,1997,35,,35,,,
아파트,육군,육군훈련소,놀뫼아파트,충청남도,논산시,내동,,1996,11,,11,,,
아파트,육군,육군훈련소,대림아파트,충청남도,논산시,부창동,,1997,2,,1,,1,
아파트,육군,육군훈련소,동산아파트,충청남도,논산시,연무읍,동산리,1990,54,0,54,,,
아파트,육군,육군훈련소,안심아파트,충청남도,논산시,연무읍,안심리,1985,90,90,,,,
아파트,육군,육군훈련소,월야아파트,충청남도,논산시,연무읍,안심리,1999,18,,,18,,
아파트,육군,육군훈련소,조흥로즈빌,충청남도,논산시,화지동,,2002,8,,,,8,
아파트,육군,육군훈련소,청솔아파트,충청남도,논산시,부창동,,2000,18,,18,,,
아파트,육군,육군훈련소,한청리츠빌,충청남도,논산시,반월동,,2002,1,,,,1,
아파트,육군,육군훈련소,동아아파트,충청남도,계룡시,엄사면,엄사리,1994,7,,7,,,
아파트,육군,육군훈련소,두산신성아파트,충청남도,계룡시,엄사면,엄사리,1994,1,,,,1,
연립,육군,군수교,일반관사 1~4호,강원도,홍천군,홍천읍,결운리,2004,4,,,4,,
연립,육군,군수교,늘푸른아파트,경기도,가평군,가평읍,,1993,8,,8,,,
연립,육군,군수교,춘천민영아파트,강원도,춘천시,퇴계동,,1999,6,,6,,,
연립,육군,육군정보학교,B관사,경기도,이천시,장호원읍,이황리,1990,2,,2,,,
아파트,육군,육군정보학교,대명늘푸른아파트 102동,강원도,속초시,미시령로,3337번길 7,2000,1,,1,,,
아파트,육군,육군정보학교,대명늘푸른아파트 104동,강원도,속초시,미시령로,3337번길 7,2000,2,,2,,,
아파트,육군,육군학생군사학교,구봉마을 5단지,대전광역시,서구,관저동,-,2000,19,0,0,0,19,0
아파트,육군,육군학생군사학교,문무아파트 1단지,충청북도,괴산군,괴산읍,서부리,2011,61,0,0,4,57,0
아파트,육군,육군학생군사학교,문무아파트 2단지,충청북도,괴산군,괴산읍,서부리,2012,101,0,0,101,0,0
아파트,육군,상무대근무지원단,상무아파트,전라남도,장성군,삼계면,사창리,1994,1044,,1018,,26,
아파트,육군,과학화전투훈련단,"응봉아파트 101, 102, 103, 104, 105동",강원도,인제군,남면,어론리,2003,150,,150,,,
아파트,육군,과학화전투훈련단,"응봉아파트 201, 202동",강원도,인제군,남면,어론리,2014,90,,90,,,
아파트,육군,60사단,월드컵 아파트 6동,경기도,고양시덕양구,동산동,,2003,30,,30,,,
아파트,육군,60사단,ROKA미르CITY,경기도,고양시덕양구,동산동,,2015,162,,42,94,26,
연립,육군,66사단,청운 빌라,경기도,가평군,가평읍,가화로,2015,6,,,,6,
아파트,육군,66사단,청운1차아파트 나동,경기도,가평군,가평읍,용추로,1994,30,,30,,,
아파트,육군,66사단,청운2차아파트,경기도,가평군,가평읍,경반안로,2019,54,,36,18,,
아파트,육군,73사단,충일 102동,경기도,남양주시,이패동,,1982,20,20,,,,
아파트,육군,73사단,충일 103동,경기도,남양주시,이패동,,1986,20,20,,,,
아파트,육군,73사단,충일 105동,경기도,남양주시,이패동,,1993,24,,24,,,
아파트,육군,73사단,충일 106동,경기도,남양주시,이패동,,1994,30,,30,,,
아파트,육군,73사단,장현주공,경기도,남양주시,진접읍,장현리,2002,6,,,,6,
아파트,육군,73사단,삼익파크힐스,경기도,남양주시,화도읍,묵현리,2003,10,,10,,,
아파트,육군,73사단,창현주공,경기도,남양주시,진접읍,장현리,1997,2,,,,2,
아파트,육군,75사단,철마아파트1동,경기도,남양주시,진접읍,진벌리,1983,15,,,15,,
아파트,육군,75사단,철마아파트2동,경기도,남양주시,진접읍,진벌리,1983,30,,30,,,
아파트,육군,75사단,크낙새아파트1동,경기도,남양주시,진접읍,팔야리,1986,15,,,15,,
아파트,육군,75사단,크낙새아파트2동,경기도,남양주시,진접읍,팔야리,1993,24,,24,,,
아파트,육군,75사단,장현주공APT,경기도,남양주시,진접읍,장현리,1999,30,,,20,10,
아파트,육군,75사단,내촌아파트,경기도,포천시,내촌면,내리,1984,26,26,,,,
아파트,육군,주한미8군 한국군지원단,극동그린아파트,서울특별시,성동구,옥수동,,1997,1,0,,1,,
아파트,육군,주한미8군 한국군지원단,노량진우성아파트,서울특별시,동작구,노량진동,,1998,1,,,1,,
아파트,육군,주한미8군 한국군지원단,진광무지개아파트,경기도,평택시,팽성읍,안정리,1997,1,,1,,,
아파트,육군,주한미8군 한국군지원단,태평아파트,경기도,평택시,고덕면,궁리,1995,6,,6,,,
아파트,육군,주한미8군 한국군지원단,삼주강변타운,경상북도,칠곡군,약목면,관호리,1994,3,3,,,,
아파트,육군,육군사관학교,육사 BTL아파트,서울특별시,노원구,공릉동,,2012,329,,135,133,61,
아파트,육군,육군사관학교,육사아파트(110동),서울특별시,노원구,공릉동,,1995,29,,29,,,
아파트,육군,육군사관학교,육사아파트(111동),서울특별시,노원구,공릉동,,1998,30,,30,,,
아파트,육군,육군3사관학교,해피포유 101~102,경상북도,영천시,고경면,단포리,2006,20,,,8,12,
아파트,해군,해군진해기지사령부,경남아너스빌,경상남도,창원시 진해구,마천동,,2009,137,,,137,,
아파트,해군,해군진해기지사령부,덕산,경상남도,창원시 진해구,자은동,,1995,520,,520,,,
아파트,해군,해군진해기지사령부,바다마을,경상남도,창원시 진해구,풍호동,,2015,500,,,310,190,
아파트,해군,해군진해기지사령부,블루빌,경상남도,창원시 진해구,신흥동,,2010,690,,90,195,405,
아파트,해군,해군진해기지사령부,시인의 마을,경상남도,창원시 진해구,태백동,,2002,48,,48,,,
아파트,해군,해군진해기지사령부,여좌동,경상남도,창원시 진해구,여좌동,,1991,200,200,,,,
아파트,해군,해군진해기지사령부,오션빌,경상남도,창원시 진해구,동상동,,2005,600,,60,255,285,
아파트,해군,해군진해기지사령부,원창베스트빌,경상남도,창원시 진해구,자은동,,2003,64,,64,,,
아파트,해군,해군진해기지사령부,인사동,경상남도,창원시 진해구,인사동,,1994,150,150,,,,
아파트,해군,해군진해기지사령부,중앙네이빌,경상남도,창원시 진해구,자은동,,2004,62,,53,9,,
아파트,해군,해군진해기지사령부,신흥동 아파트,경상남도,창원시 진해구,대영동,,1994,104,104,,,,
아파트,해군,해군진해기지사령부,평화빌라트,경상남도,창원시 진해구,근화동,,2001,41,,41,,,
아파트,해군,해군진해기지사령부,풍림아파트,경상남도,창원시 진해구,청안동,,2001,58,,58,,,
아파트,해군,해군작전사령부,광안아라빌,부산광역시,수영구,광안동,,2012,190,,55,105,30,
아파트,해군,해군작전사령부,국제아파트,부산광역시,남구,감만동,,1996,39,,39,,,
아파트,해군,해군작전사령부,낙민아라빌,부산광역시,동래구,낙민동,,2013,250,,12,130,108,
아파트,해군,해군작전사령부,롯데캐슬아인스,부산광역시,남구,용호동,,2009,57,,,34,23,
아파트,해군,해군작전사령부,삼창그린타운아파트,부산광역시,영도구,동삼동,,1997,3,,3,,,
아파트,해군,해군작전사령부,오륙도뜨란채,부산광역시,남구,용호동,,2001,118,,118,,,
아파트,해군,해군작전사령부,일신님2차아파트,부산광역시,남구,용호동,,2006,8,,,,8,
아파트,해군,1함대사령부,대동아파트,강원도,동해시,동회동,,1995,120,,60,60,,
아파트,해군,1함대사령부,대동현대아파트,강원도,동해시,동회동,,2000,6,,,,6,
아파트,해군,1함대사령부,대림아파트,강원도,동해시,발한동,,2001,69,,27,41,1,
아파트,해군,1함대사령부,대우푸르지오,강원도,동해시,평릉동,,2006,30,,,30,,
아파트,해군,1함대사령부,대창빌라트,강원도,동해시,발한동,,2000,31,,30,1,,
아파트,해군,1함대사령부,사랑 Dream,강원도,동해시,평릉동,,2012,345,,105,150,90,
아파트,해군,1함대사령부,쌍용아파트,강원도,동해시,천곡동,,2000,13,,,,13,
아파트,해군,1함대사령부,한움빌리지,강원도,동해시,천곡동,,2004,56,,,56,,
아파트,해군,1함대사령부,행복 Dream,강원도,동해시,천곡동,,2012,180,,,180,,
아파트,해군,1함대사령부 108전대,설악아파트,강원도,양양군,현북면,기사문리,1994,16,,16,,,
아파트,해군,동해합동작전지원소,거진뉴빌리지,강원도,고성군,거진읍,거진리,2009,4,,4,,,
연립,해군,제118조기경보전대,산호B동,경상북도,울릉군,울릉읍,사동리,1998,12,,12,,,
아파트,해군,제118조기경보전대,상록아파트,경상북도,울릉군,울릉읍,저동리,1987,1,,1,,,
연립,해군,1함대사령부 포항항만방어대대,매화 1동,경상북도,울진군,매화면,매화리,2006,4,,,4,,
연립,해군,1함대사령부 포항항만방어대대,매화 3동,경상북도,울진군,매화면,매화리,2006,6,,6,,,
연립,해군,1함대사령부 포항항만방어대대,죽변 관사,경상북도,울진군,죽변면,후정리,2006,8,,,8,,
아파트,해군,2함대사령부,늘푸른아파트,경기도,평택시,안중읍,현화리,1999,41,,41,,,
아파트,해군,2함대사령부,락토맨션,경기도,평택시,서정동,,2001,5,,5,,,
아파트,해군,2함대사령부,안중우림아파트,경기도,평택시,안중읍,금곡리,1999,10,,1,9,,
아파트,해군,2함대사령부,플러스빌,경기도,평택시,포승읍,석정리,2001,32,,,,32,
연립,해군,2함대사령부,해군연립관사,경기도,평택시,포승읍,원정리,1999,24,,,,24,
아파트,해군,2함대사령부,해군원정116동,경기도,평택시,포승읍,원정리,2016,70,,70,,,
아파트,해군,2함대사령부,해군원정117동,경기도,평택시,포승읍,원정리,2020,70,,70,,,
아파트,해군,2함대사령부,해군원정아파트,경기도,평택시,포승읍,원정리,1999,782,,682,100,,
아파트,해군,인천해역방어사령부,라이프맨션,인천광역시,중구,항동7가,,2001,1,,,1,,
아파트,해군,인천해역방어사령부,만수주공아파트,인천광역시,남동구,만수동,,1987,330,,330,,,
아파트,해군,인천해역방어사령부,삼호아파트,인천광역시,남동구,남촌동,,2001,25,,25,,,
아파트,해군,인천해역방어사령부,한양아파트,인천광역시,남구,용현동,,2001,2,,,2,,
아파트,해군,3함대사령부,영암 바다마을,전라남도,영암군,삼호읍,용당리,2016,112,,30,60,22,
아파트,해군,3함대사령부,근화베아체,전라남도,무안군,삼향읍,남악리,2009,40,,40,,,
아파트,해군,3함대사령부,금호어울림아파트,전라남도,목포시,석현동,,2008,39,,,,39,
아파트,해군,3함대사령부,뉴서울선샤인,전라남도,목포시,용해동,,2002,29,,29,,,
아파트,해군,3함대사령부,대송에이스빌,전라남도,목포시,산정동,,2001,29,,29,,,
아파트,해군,3함대사령부,신동아파밀리에,전라남도,무안군,삼향읍,남악리,2009,13,,,,13,
아파트,해군,3함대사령부,신안꿈동산아파트,전라남도,목포시,상동,,1996,52,,52,,,
아파트,해군,3함대사령부,신안인스빌아파트,전라남도,목포시,용해동,,2009,58,,,,58,
아파트,해군,3함대사령부,옥암코아루아파트,전라남도,목포시,옥암동,,2007,72,,,,72,
아파트,해군,3함대사령부,우미블루빌,전라남도,목포시,옥암동,,2002,6,,6,,,
아파트,해군,3함대사령부,우미오션빌,전라남도,목포시,옥암동,,2008,1,,,,1,
아파트,해군,3함대사령부,초원2차아파트,전라남도,목포시,옥암동,,1999,15,,15,,,
연립,해군,3함대사령부,해남연립관사,전라남도,해남군,산이면,덕송리,2006,8,,8,,,
아파트,해군,3함대사령부,현대아이파크,전라남도,무안군,삼향읍,남악리,2009,14,,,,14,
아파트,해군,3함대사령부 부산항만방어전대,상촌아파트,경상남도,통영시,욕지면,동항리,2007,2,,2,,,
연립,해군,3함대사령부 318대대,해군아파트,전라남도,여수시,삼산면,서도리,1990,3,,3,,,
아파트,해군,제6항공전단,문덕 17동,경상북도,포항시 남구,오천읍,,1994,30,,30,,,
아파트,해군,제6항공전단,문덕 19동,경상북도,포항시 남구,오천읍,,1994,30,,30,,,
아파트,해군,제6항공전단,문덕 21동,경상북도,포항시 남구,오천읍,,1997,50,,50,,,
아파트,해군,제6항공전단,청림 20동,경상북도,포항시 남구,청림동,,1996,32,,32,,,
연립,해군,제6항공전단,청림 21동,경상북도,포항시 남구,청림동,,1999,30,,30,,,
아파트,해군,제6항공전단,청림 BTL,경상북도,포항시 남구,청림동,,2012,96,,,92,4,
아파트,해군,제6항공전단,준양참마을,경상북도,포항시 남구,오천읍,,2001,10,,,,10,
아파트,해군,제6항공전단,청호하이츠,경상북도,포항시 남구,오천읍,,1999,43,,,43,,
아파트,해군,제6항공전단 633대대,취암모닝빌,충청남도,논산시,취암동,,2016,2,,,2,,
아파트,해군,제6항공전단 633대대,코아루아파트,충청남도,논산시,대교동,,2015,1,,1,,,
아파트,해군,제7기동전단,루체클래식,제주특별자치도,서귀포시,법환동,,2015,24,,,,24,
아파트,해군,제7기동전단,민우아파트,제주특별자치도,서귀포시,법환동,,1995,18,,18,,,
아파트,해군,제7기동전단,엘로이빌2차,제주특별자치도,서귀포시,중문동,,2015,19,,,,19,
아파트,해군,제7기동전단,온주빌리지,제주특별자치도,서귀포시,서홍동,,2015,8,,,8,,
아파트,해군,제7기동전단,이도빌리지,제주특별자치도,서귀포시,대포동,,2015,54,,32,22,,
아파트,해군,제7기동전단,지산오차드힐,제주특별자치도,서귀포시,서홍동,,2009,6,,,,6,
아파트,해군,제7기동전단,휴마루아파트,제주특별자치도,서귀포시,동홍동,,2015,18,,,9,9,
아파트,해군,제7기동전단,캐슬휘닉스3차,제주특별자치도,서귀포시,서홍동,,2015,8,,,,8,
아파트,해군,제7기동전단,마마스빌,제주특별자치도,서귀포시,중문동,,2016,8,,,8,,
아파트,해군,제7기동전단,라인스위트,제주특별자치도,서귀포시,동홍동,,2015,27,,27,,,
아파트,해군,제7기동전단,아이뜨락,제주특별자치도,서귀포시,서홍동,,2016,12,,12,,,
연립,해군,제7기동전단,제주바다빌,제주특별자치도,서귀포시,강정동,,2016,72,,32,32,8,
아파트,해군,재경근무지원대대,공덕동 삼성아파트,서울특별시,마포구,공덕동,,1999,1,,,1,,
아파트,해군,재경근무지원대대,독산동 아파트,서울특별시,금천구,독산동,,1980,160,160,,,,
아파트,해군,재경근무지원대대,바다마을 아파트,서울특별시,영등포구,신길동,,2002,410,,36,349,25,
아파트,해군,재경근무지원대대,보광동 신동아아파트,서울특별시,용산구,보광동,,1992,7,,,7,,
아파트,해군,재경근무지원대대,청화아파트,서울특별시,용산구,이태원동,,1982,2,,,1,1,
아파트,해군,재경근무지원대대,주공아파트,서울특별시,용산구,이태원동,,1993,1,,,1,,
아파트,해군,재경근무지원대대,위례 스타힐스,서울특별시,송파구,장지동,,2016,49,,23,24,2,
아파트,해군,재경근무지원대대,과천주공아파트,경기도,과천시,별양동,,1983,1,,,1,,
아파트,공군,교육사령부,집현 현대아파트 102동,경상남도,진주시,금산면,진산로675,1999,2,,,,2,
아파트,공군,교육사령부,집현 현대아파트 103동,경상남도,진주시,금산면,진산로675,1999,2,,,,2,
아파트,공군,교육사령부,집현 현대아파트 105동,경상남도,진주시,금산면,진산로675,1999,4,,,,4,
아파트,공군,교육사령부,집현 현대아파트 107동,경상남도,진주시,금산면,진산로675,1999,8,,,,8,
아파트,공군,군수사령부,스카이빌 1동,대구광역시,수성구,,효행로 25,1995,32,,32,,,
아파트,공군,군수사령부,스카이빌 2동,대구광역시,수성구,,효행로 25,1995,32,,32,,,
아파트,공군,군수사령부,스카이빌 3동,대구광역시,수성구,,효행로 25,1995,32,,32,,,
아파트,공군,군수사령부,수성누리빌,대구광역시,수성구,,국채보상로 1019,2012,3,,,,3,
아파트,공군,군수사령부,수성누리빌,대구광역시,수성구,,국채보상로 1019,2012,7,,,,7,
아파트,공군,군수사령부,수성누리빌,대구광역시,수성구,,국채보상로 1019,2012,17,,,17,,
아파트,공군,군수사령부,수성누리빌,대구광역시,수성구,,국채보상로 1019,2012,13,,13,,,
아파트,공군,군수사령부,청구맨션,대구광역시,동구,,팔공로 24길,1997,10,,,,10,
아파트,공군,군수사령부,동호영조,대구광역시,동구,,동호로 88,2003,22,,,,22,
아파트,공군,군수사령부,용계보라,대구광역시,동구,,반야월로 26,1997,54,,54,,,
아파트,공군,군수사령부,신서 그린빌,대구광역시,동구,,반야월북로 251,2001,18,,18,,,
아파트,공군,군수사령부,안아주,대구광역시,동구,,안심로 16길 29,2009,82,,,82,,
아파트,공군,군수사령부,아덴힐즈,대구광역시,동구,,동촌로 25길 69,2007,5,,,,5,
아파트,공군,군수사령부,태앙 아너스,대구광역시,동구,,복현로 105,2006,5,,,,5,
아파트,공군,군수사령부,태앙 아너스,대구광역시,동구,,복현로 105,2006,3,,3,,,
아파트,공군,방공유도탄사령부(사격지원대),명천코아루,충청남도,보령시,,주공로 99,2008,3,,,,3,
아파트,공군,방공유도탄사령부(사격지원대),성지리벨루스,충청남도,보령시,,지장골길 78,2004,4,,,4,,
아파트,공군,방공유도탄사령부(581감시대),영화블렌하임,충청북도,진천군,진천읍,농다리로 1422,2008,10,,,,10,
아파트,공군,방공유도탄사령부(581감시대),산호오크힐,충청북도,진천군,진천읍,성중로 57,2003,6,,,6,,
아파트,공군,방공유도탄사령부(582감시대),sk뷰,충청남도,보령시,,현충탑길65,2006,1,,,,1,
아파트,공군,방공유도탄사령부(582감시대),명천코아루,충청남도,보령시,,주공로99,2008,7,,,,7,
연립,공군,방공관제사령부(302대대),대율관사,경상북도,군위군,부계면,대율리,1994,18,,18,,,
아파트,공군,방공관제사령부(307대대),관사아파트,전라북도,부안군,부안읍,의상봉로 33,1994,19,,19,,,
아파트,공군,방공관제사령부(308대대),탐라빌,제주특별자치도,제주시,노형동,수덕9길 72,2001,10,,10,,,
연립,공군,방공관제사령부(308대대),대정관사,제주특별자치도,서귀포시,대정읍,상모대서로20번길71-1,1994,15,,15,,,
연립,공군,방공관제사령부(309대대),연화아파트 나동,인천광역시,옹진군,백령면,백령로 1123,2002,24,,24,,,
연립,공군,방공관제사령부(311대대),공군아파트,경상북도,봉화군,춘양면,춘양로 256,1994,12,,12,,,
연립,공군,방공관제사령부(311대대),번영빌라,경상북도,봉화군,춘양면,춘양로 245,2001,5,,,,5,
연립,공군,방공관제사령부(312대대),연립주택,경기도,양평군,옥천면,고읍로208,1998,24,,24,,,
아파트,공군,방공관제사령부(314대대),알펜로제아파트,강원도,평창군,대관령면,대관령로 187,2007,17,,,17,,
아파트,공군,방공관제사령부(314대대),힐탑아파트,강원도,평창군,대관령면, 대관령로 187,1994,2,,2,,,
연립,공군,방공관제사령부(315대대),창공아파트 다동,경기도,가평군,북면,화악산로 50 ,2005,8,,,8,,
연립,공군,방공관제사령부(315대대),창공아파트 라동,경기도,가평군,북면,화악산로 50 ,2010,12,,,12,,
아파트,공군,방공관제사령부(316대대),부자마을아파트,충청남도,천안시,성환읍,성환3로 57,2007,7,,,,7,
아파트,공군,방공관제사령부(316대대),우정에쉐르아파트,충청남도,아산시,둔포면,둔포중앙로161번길 34,2005,3,,,,3,
아파트,공군,방공관제사령부(317대대),벽산아파트,충청남도,천안시,직산읍,봉주로 107-6,1998,9,,,9,,
아파트,공군,방공관제사령부(317대대),부자마을아파트,충청남도,천안시,성환읍,성환3로 57,2007,7,,,,7,
연립,공군,방공관제사령부(319대대),천부푸르매,경상북도,울릉군,북면,천부길 79,2008,8,,8,,,
아파트,공군,방공관제사령부(1관제대),간성대명아파트,강원도,고성군,간성읍,수성로 126-5,1999,9,,,9,,
아파트,공군,방공관제사령부(1관제대),뉴빌리지,강원도,고성군,거진읍,거평로 74,2009,5,,,5,,
연립,공군,방공관제사령부(1관제대),거진관사,강원도,고성군,거진읍,벌평로 81,1994,5,,5,,,
연립,공군,방공관제사령부(2관제대),공군관사 가동,강원도,화천군,화천읍,신월동로 40,2004,8,,8,,,
연립,공군,방공관제사령부(2관제대),공군관사 나동,강원도,화천군,화천읍,신월동로 40,1994,10,,10,,,
아파트,공군,방공관제사령부(3관제대),율곡아파트,경기도,파주시,법원읍,자운서원로 36-39,2000,4,,,4,,
아파트,공군,방공관제사령부(3관제대),율곡아파트,경기도,파주시,법원읍,자운서원로 36-39,2000,4,,,4,,
아파트,공군,방공관제사령부(3관제대),성우아파트,경기도,양주시,광적면,가래비11길 30,2004,9,,9,,,
연립,공군,방공관제사령부(5관제대),이강리 보라매 관사,인천광역시,강화군,하점면,강화서로 1027,1994,6,,6,,,
연립,공군,방공관제사령부(5관제대),대림샹제리 C동,인천광역시,강화군,하점면,갑룡길 74번길 15,2002,8,,,,8,
연립,공군,방공관제사령부(5관제대),승화래미향 2동,인천광역시,강화군,하점면,갑룡길 95,2009,4,,,,4,
아파트,공군,제1전투비행단,부영아파트,광주광역시,광산구,,신창로161번길34,2006,94,,,94,,
아파트,공군,제1전투비행단,온세계아파트,광주광역시,광산구,,송정로 80,2004,10,,,,10,
아파트,공군,제3훈련비행단,파크리네르,경상남도,사천시,사천읍,두량로10-12,2017,6,,,6,,
아파트,공군,제3훈련비행단,HK명가,경상남도,사천시,사천읍,정동중앙로16-31,2005,11,,,11,,
아파트,공군,제3훈련비행단,대방빌리지,경상남도,사천시,사천읍,항공로111,2001,46,,46,,,
아파트,공군,제3훈련비행단,토성아파트(10동),경상남도,사천시,사천읍,사천대로1891-45,1992,7,,7,,,
아파트,공군,제3훈련비행단,토성아파트(11동),경상남도,사천시,사천읍,사천대로1891-45,1994,27,,,27,,
아파트,공군,제3훈련비행단,토성아파트(13동~15동),경상남도,사천시,사천읍,사천대로1891-45,1999,90,,,90,,
연립,공군,제3훈련비행단,아름드리,경상남도,사천시,사천읍,상죽길41-9,2016,17,,,17,,
아파트,공군,제5공중기동비행단,동원1차,경상남도,김해시,,분성로 727번길 34,2000,30,,30,,,
아파트,공군,제5공중기동비행단,동원4차,경상남도,김해시,,분성로 727번길 34,2003,15,,,15,,
아파트,공군,제5공중기동비행단,한일2차,경상남도,김해시,,삼안로 111번길 5,2001,73,,73,,,
아파트,공군,제5공중기동비행단,안락뜨란채1단지아파트,부산광역시,동래구,,연안로 71,2005,3,,,3,,
아파트,공군,제5공중기동비행단,대원칸타빌,부산광역시,부산진구,,건제대로 26,2006,1,,,,1,
아파트,공군,제8전투비행단,횡성이안 아파트(101동~105동),강원도,횡성군,횡성읍,읍마북로 3,2009,50,,,,50,
아파트,공군,제8전투비행단,삼정백조 아파트(101동~102동),강원도 ,원주시,-,흥양로 102번길22,1997,81,,,81,,
아파트,공군,제8전투비행단,태백 중앙하이츠,강원도,태백시,황지동,-,2011,18,,,18,,
아파트,공군,제8전투비행단,상동 관사,강원도,영월군,상동읍,내덕리,2013,16,,16,,,
아파트,공군,제10전투비행단,권선관사 101동,경기도,수원시 권선구,권선동 ,,1995,30,,30,,,
아파트,공군,제10전투비행단,권선관사 102동,경기도,수원시 권선구,권선동 ,,2002,30,,,30,,
연립,공군,제10전투비행단,권선관사 103동,경기도,수원시 권선구,권선동 ,,2004,24,,24,,,
연립,공군,제10전투비행단,권선관사 104동,경기도,수원시 권선구,권선동 ,,2004,24,,24,,,
아파트,공군,제10전투비행단,권선관사 106동,경기도,수원시 권선구,권선동 ,,2001,30,,30,,,
아파트,공군,제10전투비행단,권선관사 110동,경기도,수원시 권선구,권선동 ,,1992,23,23,,,,
아파트,공군,제10전투비행단,권선관사 111동,경기도,수원시 권선구,권선동 ,,1992,22,22,,,,
아파트,공군,제10전투비행단,권선관사 112동,경기도,수원시 권선구,권선동 ,,1994,40,,40,,,
아파트,공군,제10전투비행단,권선관사 113동,경기도,수원시 권선구,권선동 ,,1994,30,,30,,,
아파트,공군,제10전투비행단,권선관사 114동,경기도,수원시 권선구,권선동 ,,1982,20,,,20,,
아파트,공군,제10전투비행단,권선관사 115동,경기도,수원시 권선구,권선동 ,,1984,20,,,20,,
아파트,공군,제10전투비행단,권선관사 116동,경기도,수원시 권선구,권선동 ,,1984,20,,,20,,
아파트,공군,제10전투비행단,권선관사 117동,경기도,수원시 권선구,권선동 ,,1988,19,19,,,,
아파트,공군,제10전투비행단,권선관사 118동,경기도,수원시 권선구,권선동 ,,1995,40,,40,,,
연립,공군,제10전투비행단,세류관사 110동,경기도,수원시 권선구,세류동,,1996,32,,32,,,
연립,공군,제10전투비행단,세류관사 111동,경기도,수원시 권선구,세류동,,1996,32,,32,,,
연립,공군,제10전투비행단,하늘나래아파트 101동,경기도,수원시 권선구,세류동,,2014,16,,,16,,
연립,공군,제10전투비행단,하늘나래아파트 102동,경기도,수원시 권선구,세류동,,2014,16,,,16,,
연립,공군,제10전투비행단,하늘나래아파트 103동,경기도,수원시 권선구,세류동,,2014,16,,,16,,
연립,공군,제10전투비행단,하늘나래아파트 104동,경기도,수원시 권선구,세류동,,2014,16,,,16,,
연립,공군,제10전투비행단,하늘나래아파트 105동,경기도,수원시 권선구,세류동,,2014,16,,,16,,
연립,공군,제10전투비행단,하늘나래아파트 106동,경기도,수원시 권선구,세류동,,2014,24,,8,16,,
연립,공군,제10전투비행단,하늘나래아파트 107동,경기도,수원시 권선구,세류동,,2014,16,,,16,,
연립,공군,제10전투비행단,하늘나래아파트 108동,경기도,수원시 권선구,세류동,,2014,12,,12,,,
연립,공군,제10전투비행단,하늘나래아파트 109동,경기도,수원시 권선구,세류동,,2014,12,,,12,,
아파트,공군,제11전투비행단,부민 스위트필,대구광역시,동구,,해동로2길 37,2002,20,,20,,,
아파트,공군,제11전투비행단,팔공 보성 3차,대구광역시,동구,,파계로 71,2001,69,,69,,,
아파트,공군,제11전투비행단,팔공 팔레스,대구광역시,동구,,팔공로 529-15,2002,10,,10,,,
아파트,공군,제11전투비행단,경남 안아주,대구광역시,동구,,안심로 16길 29,2009,26,,,26,,
아파트,공군,제11전투비행단,신서 그린빌,대구광역시,동구,,반야월북로 251,2001,22,,,22,,
아파트,공군,제11전투비행단,금사리 하이빌,대구광역시,동구,,해동로 254,2003,20,,,20,,
아파트,공군,제11전투비행단,태왕 아너스,대구광역시,북구,,복현로 105,2006,3,,1,,2,
아파트,공군,제11전투비행단,수성누리빌,대구광역시,수성구,,국채보상로1019,2012,80,,27,38,15,
아파트,공군,제15특수임무비행단,공군아파트 31동,경기도,성남시 수정구,,대왕판교로1187,1989,30,30,,,,
아파트,공군,제15특수임무비행단,공군아파트 35동,경기도,성남시 수정구,,대왕판교로1187,2002,30,,30,,,
연립,공군,제15특수임무비행단,공군아파트 36동,경기도,성남시 수정구,,대왕판교로1187,2005,32,,32,,,
아파트,공군,제15특수임무비행단,공군아파트 301동,경기도,성남시 수정구,,대왕판교로1187,2014,25,,,25,,
아파트,공군,제15특수임무비행단,공군아파트 302동,경기도,성남시 수정구,,대왕판교로1187,2014,20,,,20,,
아파트,공군,제15특수임무비행단,공군아파트 303동,경기도,성남시 수정구,,대왕판교로1187,2014,20,,,20,,
아파트,공군,제15특수임무비행단,공군아파트 304동,경기도,성남시 수정구,,대왕판교로1187,2014,20,,,20,,
아파트,공군,제15특수임무비행단,공군아파트 305동,경기도,성남시 수정구,,대왕판교로1187,2014,25,,,25,,
아파트,공군,제15특수임무비행단,공군아파트 306동,경기도,성남시 수정구,,대왕판교로1187,2014,25,,,25,,
아파트,공군,제15특수임무비행단,공군아파트 307동,경기도,성남시 수정구,,대왕판교로1187,2014,20,,,20,,
아파트,공군,제15특수임무비행단,공군아파트 308동,경기도,성남시 수정구,,대왕판교로1187,2014,25,,,25,,
연립,공군,제15특수임무비행단,분당 스카이빌 101동,경기도,성남시 수정구,,대왕판교로1187,1998,24,,24,,,
연립,공군,제15특수임무비행단,분당 스카이빌 102동,경기도,성남시 수정구,,대왕판교로1187,1998,24,,24,,,
아파트,공군,제15특수임무비행단,위례스타힐스 2509동,서울특별시,송파구,,위례광장로 215길,2017,18,,,18,,
아파트,공군,제15특수임무비행단,위례스타힐스 2509동,서울특별시,송파구,,위례광장로 215길,2017,2,,,,,2
아파트,공군,제15특수임무비행단,위례스타힐스 2515동,서울특별시,송파구,,위례광장로 215길,2017,17,,,,17,
아파트,공군,제15특수임무비행단,위례스타힐스 2516동,서울특별시,송파구,,위례광장로 215길,2017,3,,,,3,
아파트,공군,제15특수임무비행단,위례스타힐스 2511동,서울특별시,송파구,,위례광장로 215길,2017,1,,,1,,
연립,공군,제16전투비행단,충효마을 BTL(101동),경상북도,예천군,유천면,예성로 358,2010,16,,,16,,
연립,공군,제16전투비행단,충효마을 BTL(102동),경상북도,예천군,유천면,예성로 358,2010,16,,,16,,
연립,공군,제16전투비행단,충효마을 BTL(103동),경상북도,예천군,유천면,예성로 358,2010,16,,,16,,
연립,공군,제16전투비행단,충효마을 BTL(104동),경상북도,예천군,유천면,예성로 358,2010,16,,,16,,
연립,공군,제16전투비행단,충효마을 BTL(105동),경상북도,예천군,유천면,예성로 358,2010,8,,,,8,
연립,공군,제16전투비행단,충효마을 BTL(106동),경상북도,예천군,유천면,예성로 358,2010,16,,,16,,
연립,공군,제16전투비행단,충효마을 BTL(107동),경상북도,예천군,유천면,예성로 358,2010,16,,,16,,
연립,공군,제16전투비행단,충효마을 BTL(108동),경상북도,예천군,유천면,예성로 358,2010,24,,,24,,
연립,공군,제16전투비행단,충효마을 BTL(109동),경상북도,예천군,유천면,예성로 358,2010,24,,,24,,
아파트,공군,제16전투비행단,문경 매봉아파트,경상북도,문경시,모전동,매봉1길 35,1998,60,,60,,,
아파트,공군,제16전투비행단,예천 쌍용아파트,경상북도,예천군,예천읍,한천길 39,2003,19,,,19,,
아파트,공군,제16전투비행단,예천 명성아파트,경상북도,예천군,예천읍,양궁로 6,2003,11,,10,,1,
아파트,공군,제17전투비행단,대원아파트 901 ~ 907,충청북도,청주시 서원구,,분평로 49,2000,57,,,57,,
아파트,공군,제17전투비행단,세원테마빌 201 ~ 204동,충청북도,청주시 흥덕구,,짐대로 14,2001,17,,,17,,
아파트,공군,제18전투비행단,양우내안애아파트,강원도,강릉시,,강변로 328-8,2009,50,,11,16,23,
아파트,공군,제19전투비행단,한라비발디 101동101호,충청북도,충주시,금가면,목행산단4로 11,2009,1,,,,1,
아파트,공군,제19전투비행단,한라비발디 101동102호,충청북도,충주시,금가면,목행산단4로 11,2009,1,,,,1,
아파트,공군,제19전투비행단,한라비발디 104동103호,충청북도,충주시,금가면,목행산단4로 11,2009,1,,,,1,
아파트,공군,제19전투비행단,한라비발디 104동104호,충청북도,충주시,금가면,목행산단4로 11,2009,1,,,,1,
아파트,공군,제19전투비행단,한라비발디 105동103호,충청북도,충주시,금가면,목행산단4로 11,2009,1,,,,1,
아파트,공군,제19전투비행단,한라비발디 108동101호,충청북도,충주시,금가면,목행산단4로 11,2009,1,,,,1,
아파트,공군,제19전투비행단,한라비발디 108동103호,충청북도,충주시,금가면,목행산단4로 11,2009,1,,,,1,
아파트,공군,제19전투비행단,한라비발디 108동104호,충청북도,충주시,금가면,목행산단4로 11,2009,1,,,,1,
아파트,공군,제19전투비행단,한라비발디 111동103호,충청북도,충주시,금가면,목행산단4로 11,2009,1,,,,1,
아파트,공군,제19전투비행단,한라비발디 111동104호,충청북도,충주시,금가면,목행산단4로 11,2009,1,,,,1,
아파트,공군,제20전투비행단,서서울아파트,충청남도,서산시,동문동,학동7로,2002,5,,5,,,
아파트,공군,제1방공유도탄여단,경남모직 안아주,대구광역시,동구,,안심로16길 29,2004,3,,,3,,
연립,공군,제1방공유도탄여단,달성아파트 가동,대구광역시,수성구,,달구벌대로 568길,1993,16,,16,,,
연립,공군,제1방공유도탄여단,달성아파트 나동,대구광역시,수성구,,달구벌대로 568길,1994,24,,24,,,
연립,공군,제1방공유도탄여단,달성아파트 다동,대구광역시,수성구,,달구벌대로 568길,1994,24,,24,,,
연립,공군,제1방공유도탄여단,달성아파트 라동,대구광역시,수성구,,달구벌대로 568길,1995,24,,24,,,
연립,공군,제1방공유도탄여단,달성아파트 마동,대구광역시,수성구,,달구벌대로 568길,1995,24,,24,,,
연립,공군,제1방공유도탄여단,달성아파트 바동,대구광역시,수성구,,달구벌대로 568길,2004,32,,32,,,
연립,공군,제1방공유도탄여단,달성아파트 사동,대구광역시,수성구,,달구벌대로 568길,2011,16,,16,,,
연립,공군,제1방공유도탄여단,달성아파트 사동,대구광역시,수성구,,달구벌대로 568길,2011,8,,,8,,
아파트,공군,제1방공유도탄여단,경성 홈타운,경상북도,포항시 남구,,연일읍 유강길 10번길 45,2008,10,,,,10,
연립,공군,제1방공유도탄여단,한빛관사,부산광역시,해운대구,,장산로 427-100,1996,13,,13,,,
아파트,공군,제1방공유도탄여단,성서주공 8단지,대구광역시,달서구,,성지로 42,1997,6,,6,,,
아파트,공군,제1방공유도탄여단,대동다숲,경상북도,칠곡군,왜관읍,평장3길 47,2007,6,,,6,,
연립,공군,제1방공유도탄여단,창석빌라,경상북도,성주군,성주읍,경산1길 39,2002,4,,,4,,
아파트,공군,제1방공유도탄여단,대동황토방,경상남도,김해시,,금관대로 599번길 11,2000,11,,11,,,
연립,공군,제1방공유도탄여단,국신빌라,울산광역시,북구,,상방2길,2001,4,,,4,,
아파트,공군,제1방공유도탄여단,남양그린빌,울산광역시,남구,,두왕로34번길,2004,4,,4,,,
아파트,공군,제1방공유도탄여단,성지리벨루스,충청남도,보령시,,지장골길 78,2004,2,,,2,,
아파트,공군,제1방공유도탄여단,명천코아루,충청남도,보령시,,주공로 99,2008,2,,,,2,
연립,공군,제1방공유도탄여단,비인관사,충청남도,서천군,비인면,비인로156길번 26,1994,6,,6,,,
아파트,공군,제1방공유도탄여단,오르빌아파트,전라북도,군산시,,번영로 86,2004,5,,,5,,
아파트,공군,제1방공유도탄여단,오르빌아파트,전라북도,군산시,,번영로 86,2004,3,,,3,,
아파트,공군,제1방공유도탄여단,모아 미래도,광주광역시,북구,,삼정로 20,2003,5,,,5,,
아파트,공군,제1방공유도탄여단,한화 꿈에그린,광주광역시,북구,,용주로 30번길 56,2007,9,,,,9,
아파트,공군,제1방공유도탄여단,성지리벨루스,충청남도,보령시,,지장골길 78,2004,3,,,3,,
연립,공군,제1방공유도탄여단,해망산관사,충청남도,보령시,,고사울길 4,2009,16,,16,,,
아파트,공군,제2방공유도탄여단,한미래 101동,충청남도,천안시,,안궁1길,2003,8,,8,,,
아파트,공군,제2방공유도탄여단,SR친오애아파트,경기도,평택시,,서동대로 784,2004,4,,2,,2,
아파트,공군,제2방공유도탄여단,대상아파트,충청남도,당진시,,송산로164,1999,8,,8,,,
아파트,공군,제2방공유도탄여단,대상아파트,충청남도,당진시,,송산로164,1999,8,,,8,,
아파트,공군,제2방공유도탄여단,삼성쉐르빌아파트,충청남도,당진시,,대호만로23-13,2008,8,,,,8,
아파트,공군,제2방공유도탄여단,한일타운아파트,경기도,안성시,,공도읍 공도로 149,2005,4,,4,,,
아파트,공군,제2방공유도탄여단,YM프라젠,경기도,평택시,,무지개공원4길 3,2008,6,,,,6,
아파트,공군,제2방공유도탄여단,금호어울림,강원도,강릉시,,성덕로 328-15,2007,14,,,,14,
아파트,공군,제2방공유도탄여단,신도브레뉴,강원도,강릉시,,경강로 2539번길,2005,6,,6,,,
연립,공군,제2방공유도탄여단,매봉아파트,경기도,가평군,북면,석장모루길38,2010,18,,,18,,
연립,공군,제2방공유도탄여단,매봉아파트,경기도,가평군,북면,석장모루길38,2000,4,,,4,,
아파트,공군,제2방공유도탄여단,호수마을,강원도,춘천시,,약사고개길19,2002,10,,,,10,
연립,공군,제2방공유도탄여단,대룡아파트,강원도,춘천시,학곡동 , 2길 46,1996,24,,24,,,
아파트,공군,제2방공유도탄여단,초록지붕,강원도,춘천시,,거두택지길 7,2006,4,,,,4,
연립,공군,제2방공유도탄여단,관사 A동,강원도,평창군,대관령면,횡계리,2001,8,,,8,,
연립,공군,제2방공유도탄여단,관사 B동,강원도,평창군,대관령면,횡계리,2000,8,,,8,,
아파트,공군,제2방공유도탄여단,초록지붕,강원도,춘천시,동내면,거두택지길 7,2006,4,,,,4,
아파트,공군,제3방공유도탄여단,명품ESA104_405,강원도,철원군,갈말읍,명성로 139번길 13-22,2008,1,,,1,,
아파트,공군,제3방공유도탄여단,명품ESA104_307,강원도,철원군,갈말읍,명성로 139번길 13-22,2008,1,,,1,,
아파트,공군,제3방공유도탄여단,명품ESA104_305,강원도,철원군,갈말읍,명성로 139번길 13-22,2008,1,,,1,,
아파트,공군,제3방공유도탄여단,명품ESA104_204,강원도,철원군,갈말읍,명성로 139번길 13-22,2008,1,,,1,,
아파트,공군,제3방공유도탄여단,명품ESA104_203,강원도,철원군,갈말읍,명성로 139번길 13-22,2008,1,,,1,,
연립,공군,제3방공유도탄여단,하늘마을(관사다동),경기도,광주시,남한산성면,남한산성로522-19,1992,2,2,,,,
연립,공군,제3방공유도탄여단,하늘마을(관사가동),경기도,광주시,남한산성면,남한산성로522-19,1992,2,2,,,,
아파트,공군,제3방공유도탄여단,파주빌리지 3동 502호,경기도,파주시,파주읍,"오가리길21, 23, 25",2008,1,,,,1,
아파트,공군,제3방공유도탄여단,파주빌리지 3동 501호,경기도,파주시,파주읍,"오가리길21, 23, 25",2008,1,,,,1,
아파트,공군,제3방공유도탄여단,파주빌리지 2동 502호,경기도,파주시,파주읍,"오가리길21, 23, 25",2008,1,,,,1,
아파트,공군,제3방공유도탄여단,파주빌리지 1동 501호,경기도,파주시,파주읍,"오가리길21, 23, 25",2008,1,,,,1,
아파트,공군,제3방공유도탄여단,파주빌리지 1동 401호,경기도,파주시,파주읍,"오가리길21, 23, 25",2008,1,,,,1,
아파트,공군,제3방공유도탄여단,파주빌리지 1동 201호,경기도,파주시,파주읍,"오가리길21, 23, 25",2008,1,,,,1,
연립,공군,제3방공유도탄여단,원창맨션4층401호,경기도,양주시,덕계동,평화로1489번길 67-15,2002,1,,1,,,
연립,공군,제3방공유도탄여단,원창맨션3층302호,경기도,양주시,덕계동,평화로1489번길 67-15,2002,1,,1,,,
연립,공군,제3방공유도탄여단,원창맨션2층202호,경기도,양주시,덕계동,평화로1489번길 67-15,2002,1,,1,,,
연립,공군,제3방공유도탄여단,원창맨션2층201호,경기도,양주시,덕계동,평화로1489번길 67-15,2002,1,,1,,,
아파트,공군,제3방공유도탄여단,연성쉐르빌(610호),경기도,시흥시,장곡동,인선길 46,2002,1,1,,,,
아파트,공군,제3방공유도탄여단,연성쉐르빌(511호),경기도,시흥시,장곡동,인선길 46,2002,1,1,,,,
아파트,공군,제3방공유도탄여단,연성쉐르빌(510호),경기도,시흥시,장곡동,인선길 46,2002,1,1,,,,
아파트,공군,제3방공유도탄여단,연성쉐르빌(509호),경기도,시흥시,장곡동,인선길 46,2002,1,1,,,,
아파트,공군,제3방공유도탄여단,연성쉐르빌(508호),경기도,시흥시,장곡동,인선길 46,2002,1,1,,,,
연립,공군,제3방공유도탄여단,연립관사,경기도,화성시,남양읍,시청로 201번길 38,1995,4,,,4,,
연립,공군,제3방공유도탄여단,에버맨션B동402호,경기도,고양시 덕양구,관산동,동헌로 3번길 12,2008,1,,1,,,
연립,공군,제3방공유도탄여단,에버맨션B동401호,경기도,고양시 덕양구,관산동,동헌로 3번길 12,2008,1,,1,,,
연립,공군,제3방공유도탄여단,에버맨션B동202호,경기도,고양시 덕양구,관산동,동헌로 3번길 12,2008,1,,1,,,
연립,공군,제3방공유도탄여단,에버맨션B동201호,경기도,고양시 덕양구,관산동,동헌로 3번길 12,2008,1,,1,,,
연립,공군,제3방공유도탄여단,에버맨션B동102호,경기도,고양시 덕양구,관산동,동헌로 3번길 12,2008,1,,1,,,
연립,공군,제3방공유도탄여단,에버맨션B동101호,경기도,고양시 덕양구,관산동,동헌로 3번길 12,2008,1,,1,,,
연립,공군,제3방공유도탄여단,에버맨션A동402호,경기도,고양시 덕양구,관산동,동헌로 3번길 12,2008,1,,1,,,
연립,공군,제3방공유도탄여단,에버맨션A동302호,경기도,고양시 덕양구,관산동,동헌로 3번길 12,2008,1,,1,,,
연립,공군,제3방공유도탄여단,에버맨션A동301호,경기도,고양시 덕양구,관산동,동헌로 3번길 12,2008,1,,1,,,
연립,공군,제3방공유도탄여단,에버맨션A동202호,경기도,고양시 덕양구,관산동,동헌로 3번길 12,2008,1,,1,,,
연립,공군,제3방공유도탄여단,에버맨션A동102호,경기도,고양시 덕양구,관산동,동헌로 3번길 12,2008,1,,1,,,
연립,공군,제3방공유도탄여단,에버맨션A동101호,경기도,고양시 덕양구,관산동,동헌로 3번길 12,2008,1,,1,,,
아파트,공군,제3방공유도탄여단,아침의빛109동701호,경기도,양주시,백석읍,양주산성로838-71,2008,1,,,1,,
아파트,공군,제3방공유도탄여단,아침의빛106동-904호,경기도,양주시,백석읍,양주산성로838-71,2008,1,,,1,,
아파트,공군,제3방공유도탄여단,아침의빛106동704호,경기도,양주시,백석읍,양주산성로838-71,2008,1,,,1,,
아파트,공군,제3방공유도탄여단,아침의빛106동601호,경기도,양주시,백석읍,양주산성로838-71,2008,1,,,1,,
아파트,공군,제3방공유도탄여단,아침의빛106동503호,경기도,양주시,백석읍,양주산성로838-71,2008,1,,,1,,
아파트,공군,제3방공유도탄여단,아침의빛106동403호,경기도,양주시,백석읍,양주산성로838-71,2008,1,,,1,,
아파트,공군,제3방공유도탄여단,아침의빛106동402호,경기도,양주시,백석읍,양주산성로838-71,2008,1,,,1,,
아파트,공군,제3방공유도탄여단,아침의빛105동406호,경기도,양주시,백석읍,양주산성로838-71,2008,1,,,1,,
아파트,공군,제3방공유도탄여단,아침의빛105동302호,경기도,양주시,백석읍,양주산성로838-71,2008,1,,,1,,
아파트,공군,제3방공유도탄여단,아침의빛105동301호,경기도,양주시,백석읍,양주산성로838-71,2008,1,,,1,,
아파트,공군,제3방공유도탄여단,아침의빛105동104호,경기도,양주시,백석읍,양주산성로838-71,2008,1,,,1,,
아파트,공군,제3방공유도탄여단,아침의빛105동103호,경기도,양주시,백석읍,양주산성로838-71,2008,1,,,1,,
아파트,공군,제3방공유도탄여단,아침의빛104동301호,경기도,양주시,백석읍,양주산성로838-71,2008,1,,,1,,
연립,공군,제3방공유도탄여단,스카이빌,경기도,김포시,감정동,중봉1로 46,2012,16,,16,,,
아파트,공군,제3방공유도탄여단,보광그랑베르,경기도,여주시,월송동,여주남로 58-31,2005,1,,1,,,
아파트,공군,제3방공유도탄여단,보광그랑베르,경기도,여주시,월송동,여주남로 58-31,2005,1,,1,,,
아파트,공군,제3방공유도탄여단,보광그랑베르,경기도,여주시,월송동,여주남로 58-31,2005,1,,1,,,
아파트,공군,제3방공유도탄여단,보광그랑베르,경기도,여주시,월송동,여주남로 58-31,2005,1,,1,,,
아파트,공군,제3방공유도탄여단,보광그랑베르,경기도,여주시,월송동,여주남로 58-31,2005,1,,1,,,
연립,공군,제3방공유도탄여단,럭키빌라 2동 401호,경기도,포천시,선단동,호국로 1025번길 23,2002,1,1,,,,
연립,공군,제3방공유도탄여단,럭키빌라 2동 302호,경기도,포천시,선단동,호국로 1025번길 23,2002,1,1,,,,
연립,공군,제3방공유도탄여단,럭키빌라 2동 101호,경기도,포천시,선단동,호국로 1025번길 23,2002,1,1,,,,
연립,공군,제3방공유도탄여단,럭키빌라 1동 301호,경기도,포천시,선단동,호국로 1025번길 23,2002,1,1,,,,
연립,공군,제3방공유도탄여단,럭키빌라 1동 101호,경기도,포천시,선단동,호국로 1025번길 23,2002,1,1,,,,
연립,공군,제3방공유도탄여단,군숙소(아파트) 성우헤스티아ⓐ 108동 203호,경기도,양주시,광적면,가래비11길 30,2004,1,,1,,,
연립,공군,제3방공유도탄여단,군숙소(아파트) 성우헤스티아ⓐ 108동 202호,경기도,양주시,광적면,가래비11길 30,2004,1,,1,,,
연립,공군,제3방공유도탄여단,군숙소(아파트) 성우헤스티아ⓐ 106동 302호,경기도,양주시,광적면,가래비11길 30,2004,1,,1,,,
연립,공군,제3방공유도탄여단,군숙소(아파트) 성우헤스티아ⓐ 106동 202호,경기도,양주시,광적면,가래비11길 30,2004,1,,1,,,
연립,공군,제3방공유도탄여단,군숙소(아파트) 성우헤스티아ⓐ 106동 201호,경기도,양주시,광적면,가래비11길 30,2004,1,,1,,,
연립,공군,제3방공유도탄여단,군숙소(아파트) 성우헤스티아ⓐ 103동 302호,경기도,양주시,광적면,가래비11길 30,2004,1,,1,,,
연립,공군,제3방공유도탄여단,군숙소(아파트) 성우헤스티아ⓐ 103동 202호,경기도,양주시,광적면,가래비11길 30,2004,1,,1,,,
연립,공군,제3방공유도탄여단,군숙소(아파트) 성우헤스티아ⓐ 103동 201호,경기도,양주시,광적면,가래비11길 30,2004,1,,1,,,
연립,공군,제3방공유도탄여단,군숙소(아파트) 성우헤스티아ⓐ 102동 204호,경기도,양주시,광적면,가래비11길 30,2004,1,,1,,,
연립,공군,제3방공유도탄여단,군숙소(아파트) 성우헤스티아ⓐ 102동 202호,경기도,양주시,광적면,가래비11길 30,2004,1,,1,,,
연립,공군,제3방공유도탄여단,군숙소(아파트) 성우헤스티아ⓐ 102동 201호,경기도,양주시,광적면,가래비11길 30,2004,1,,1,,,
연립,공군,제3방공유도탄여단,군숙소(아파트) 성우헤스티아ⓐ 101동 308호,경기도,양주시,광적면,가래비11길 30,2004,1,,1,,,
연립,공군,제3방공유도탄여단,군숙소(아파트) 성우헤스티아ⓐ 101동 208호,경기도,양주시,광적면,가래비11길 30,2004,1,,1,,,
연립,공군,제3방공유도탄여단,군숙소(아파트) 성우헤스티아ⓐ 101동 207호,경기도,양주시,광적면,가래비11길 30,2004,1,,1,,,
아파트,공군,제3방공유도탄여단,과천주공,경기도,과천시,,별양로 85,1994,1,,,1,,
연립,공군,제3방공유도탄여단,현대빌라트,서울특별시,은평구,갈현동,갈현로 39길 12-12,1997,1,,1,,,
연립,공군,제3방공유도탄여단,현대빌라트,서울특별시,은평구,갈현동,갈현로 39길 12-12,1997,1,,1,,,
연립,공군,제3방공유도탄여단,현대빌라트,서울특별시,은평구,갈현동,갈현로 39길 12-12,1997,1,,1,,,
연립,공군,제3방공유도탄여단,현대빌라트,서울특별시,은평구,갈현동,갈현로 39길 12-12,1997,1,,1,,,
연립,공군,제3방공유도탄여단,현대빌라트,서울특별시,은평구,갈현동,갈현로 39길 12-12,1997,1,,1,,,
아파트,공군,제3방공유도탄여단,철매아파트 103동,서울특별시,금천구,독산동,시흥대로 101길 3-18,1983,10,,,10,,
아파트,공군,제3방공유도탄여단,철매아파트 103동,서울특별시,금천구,독산동,시흥대로 101길 3-18,1983,10,10,,,,
아파트,공군,제3방공유도탄여단,철매아파트 102동,서울특별시,금천구,독산동,시흥대로 101길 3-18,1982,10,,,10,,
아파트,공군,제3방공유도탄여단,철매아파트 102동,서울특별시,금천구,독산동,시흥대로 101길 3-18,1982,10,10,,,,
아파트,공군,제3방공유도탄여단,철매아파트 101동,서울특별시,금천구,독산동,시흥대로 101길 3-18,1986,30,30,,,,
아파트,공군,제3방공유도탄여단,위례스타힐스,서울특별시,송파구,,위례광장로 215,2016,13,,,,13,
아파트,공군,제3방공유도탄여단,위례스타힐스,서울특별시,송파구,,위례광장로 215,2016,1,,,,,1
아파트,공군,제3방공유도탄여단,위례스타힐스,서울특별시,송파구,,위례광장로 215,2016,12,,,12,,
연립,공군,제3방공유도탄여단,하늘마을 나동,인천광역시,옹진군,백령면,백령로743,2017,8,,,8,,
연립,공군,제3방공유도탄여단,하늘마을 가동,인천광역시,옹진군,백령면,백령로743,2017,16,,,16,,
연립,공군,제3방공유도탄여단,덕우아트빌 B동,인천광역시,중구,운남동,전소로 10,2009,8,,8,,,
연립,공군,제3방공유도탄여단,덕우아트빌 A동,인천광역시,중구,운남동,전소로 10,2009,8,,8,,,
아파트,공군,제3방공유도탄여단,광명아파트102-1004,인천광역시,서구,공촌동,심곡로 170,2006,1,,1,,,
아파트,공군,제3방공유도탄여단,광명아파트101-2005,인천광역시,서구,공촌동,심곡로 170,2006,1,,1,,,
아파트,공군,제3방공유도탄여단,광명아파트 102-303,인천광역시,서구,공촌동,심곡로 170,2006,1,,1,,,
아파트,공군,제3방공유도탄여단,경남아파트102-704,인천광역시,서구,공촌동,경명대로 694번길 10,2006,1,,,1,,
아파트,공군,제3방공유도탄여단,경남아파트102-401,인천광역시,서구,공촌동,경명대로 694번길 10,2006,1,,,1,,
아파트,공군,제3방공유도탄여단,경남아파트101-903,인천광역시,서구,공촌동,경명대로 694번길 10,2006,1,,1,,,
아파트,공군,제3방공유도탄여단,경남아파트101-806,인천광역시,서구,공촌동,경명대로 694번길 10,2006,1,,,1,,
아파트,공군,제3방공유도탄여단,경남아파트101-703,인천광역시,서구,공촌동,경명대로 694번길 10,2006,1,,1,,,
아파트,공군,제3방공유도탄여단,경남아파트101-602,인천광역시,서구,공촌동,경명대로 694번길 10,2006,1,,1,,,
아파트,공군,제3방공유도탄여단,경남아파트101-403,인천광역시,서구,공촌동,경명대로 694번길 10,2006,1,,1,,,
아파트,공군,제3방공유도탄여단,경남아파트101-203,인천광역시,서구,공촌동,경명대로 694번길 10,2006,1,,1,,,
아파트,공군,제3방공유도탄여단,경남아파트101-1305,인천광역시,서구,공촌동,경명대로 694번길 10,2006,1,,,1,,
아파트,공군,제3방공유도탄여단,경남아파트101-1204,인천광역시,서구,공촌동,경명대로 694번길 10,2006,1,,1,,,
아파트,공군,제3방공유도탄여단,경남아파트101-1001,인천광역시,서구,공촌동,경명대로 694번길 10,2006,1,,1,,,
아파트,공군,제3방공유도탄여단,경남아파트 103-1205,인천광역시,서구,공촌동,경명대로 694번길 10,2006,1,,,1,,
아파트,공군,제3방공유도탄여단,경남아파트 101-206,인천광역시,서구,공촌동,경명대로 694번길 10,2006,1,,,1,,
아파트,공군,제3방공유도탄여단,경남 아파트102-101,인천광역시,서구,공촌동,경명대로 694번길 10,2006,1,,,1,,
아파트,공군,항공안전단,하늘마루 101동,서울특별시,동작구,,알마타길6,2010,80,,,,80,
아파트,공군,항공안전단,하늘마루 101동,서울특별시,동작구,,알마타길6,2010,8,,,,,8
아파트,공군,항공안전단,하늘마루 101동,서울특별시,동작구,,알마타길6,2010,8,,,,,8
아파트,공군,항공안전단,하늘마루 102동,서울특별시,동작구,,알마타길6,2010,90,,,,90,
아파트,공군,항공안전단,하늘마루 102동,서울특별시,동작구,,알마타길6,2010,7,,,,,7
아파트,공군,항공안전단,하늘마루 102동,서울특별시,동작구,,알마타길6,2010,7,,,,,7
아파트,공군,항공안전단,하늘마루 103동,서울특별시,동작구,,알마타길6,2010,90,,,,90,
아파트,공군,항공안전단,하늘마루 103동,서울특별시,동작구,,알마타길6,2010,7,,,,,7
아파트,공군,항공안전단,하늘마루 103동,서울특별시,동작구,,알마타길6,2010,7,,,,,7
아파트,공군,항공안전단,태성대아파트 101동,서울특별시,동작구,,여의대방로 16길 1,1997,60,,,60,,
아파트,공군,항공안전단,태성대아파트 102동,서울특별시,동작구,,여의대방로 16길 1,1997,60,,,60,,
아파트,공군,항공안전단,태성대아파트 103동,서울특별시,동작구,,여의대방로 16길 1,1997,60,,,60,,
아파트,공군,항공안전단,태성대아파트 104동,서울특별시,동작구,,여의대방로 16길 1,1997,60,,,60,,
아파트,공군,항공안전단,태성대아파트 105동,서울특별시,동작구,,여의대방로 16길 1,1997,60,,,60,,
아파트,공군,항공안전단,우주마루 201동,서울특별시,영등포구,,여의대방로 249,2014,50,,,50,,
아파트,공군,항공안전단,우주마루 201동,서울특별시,영등포구,,여의대방로 249,2014,50,,,,50,
아파트,공군,작전사근무지원단,민영 미주3차A 104동,경기도,평택시,,이충로 60,1996,40,,,40,,
아파트,공군,작전사근무지원단,민영 미주3차A 104동,경기도,평택시,,이충로 60,1996,15,,,15,,
아파트,공군,작전사근무지원단,민영 미주3차A 106동,경기도,평택시,,이충로 60,1996,30,,,30,,
아파트,공군,작전사근무지원단,민영 미주3차A 106동,경기도,평택시,,이충로 60,1996,14,,,14,,
아파트,공군,작전사근무지원단,민영 삼익사이버A  101동,경기도,평택시,,동삭로 397,2000,76,,76,,,
아파트,공군,작전사근무지원단,민영 삼익사이버A  102동,경기도,평택시,,동삭로 397,2000,10,,10,,,
아파트,공군,작전사근무지원단,민영 삼익사이버A  105동,경기도,평택시,,동삭로 397,2000,38,,38,,,
아파트,공군,작전사근무지원단,민영 삼익사이버A  105동,경기도,평택시,,동삭로 397,2000,40,,,,40,
아파트,공군,작전사근무지원단,민영 삼익사이버A  107동,경기도,평택시,,동삭로 397,2000,35,,,,35,
아파트,공군,작전사근무지원단,민영 삼익사이버A  108동,경기도,평택시,,동삭로 397,2000,25,,25,,,
아파트,공군,작전사근무지원단,영외 보라매A  201동,경기도,평택시,,안재홍로 256,2011,8,,,8,,
아파트,공군,작전사근무지원단,영외 보라매A  202동,경기도,평택시,,안재홍로 256,2011,32,,,,32,
연립,공군,제7항공통신전대,공군금성아파트 관사 3동,경기도,평택시,팽성읍,객사리,2010,32,,32,,,
아파트,공군,제7항공통신전대,공군금성아파트 관사 6동,경기도,평택시,팽성읍,객사리,1996,30,,30,,,
연립,공군,제7항공통신전대,공군금성아파트 관사 7동,경기도,평택시,팽성읍,객사리,2004,18,,18,,,
아파트,공군,제38전투비행전대,현대파인빌,전라북도,군산시,옥서면,미장동,2004,21,,5,,16,
아파트,공군,제38전투비행전대,주공5차,전라북도,군산시,옥서면,나운동,1995,33,,33,,,
아파트,해병대,포항지역부대,구정마린빌(BTL),경상북도,포항시 남구,오천읍,구정리,2012,92,,40,27,25,
아파트,해병대,2사단,그랑드빌,인천광역시,강화군,강화읍,갑곳리,2001,35,,35,,,
아파트,해병대,2사단,길훈아파트,인천광역시,서구,불로동,,1999,8,,8,,,
아파트,해병대,포항지역부대,대림힐타운,경상북도,포항시 북구,학잠동,,1999,44,,9,29,6,
아파트,해병대,2사단,동남아파트(금곡동),인천광역시,서구,금곡동,,1998,5,,4,,1,
아파트,해병대,2사단,동남아파트(마전동),인천광역시,서구,마전동,,1998,1,,1,,,
아파트,해병대,포항지역부대,문덕마린빌(BTL),경상북도,포항시 남구,오천읍,문덕리,2012,146,,54,50,42,
아파트,해병대,포항지역부대,문덕마을 1동,경상북도,포항시 남구,오천읍,문덕리,1999,50,,50,,,
아파트,해병대,포항지역부대,문덕마을 2동,경상북도,포항시 남구,오천읍,문덕리,1999,50,,50,,,
아파트,해병대,2사단,미래지향아파트,인천광역시,서구,마전동,,2008,30,,,30,,
아파트,해병대,사령부,봉담그대가,경기도,화성시,봉담읍,와우리,2007,8,,,,8,
아파트,해병대,2사단,비룡아파트,경기도,김포시,감정동,,1998,100,,100,,,
아파트,해병대,포항지역부대,삼도3차한솔타운,경상북도,포항시 남구,연일읍,동문리,1998,21,,,21,,
아파트,해병대,9여단,삼도쉐르빌,제주특별자치도,제주시,삼도이동,,2005,1,,,1,,
아파트,해병대,2사단,서룡아파트,경기도,김포시,통진읍,서암리,1997,70,,70,,,
아파트,해병대,2사단,선진아파트,경기도,김포시,통진읍,서암리,2012,141,,54,74,13,
아파트,해병대,2사단,신명아파트,인천광역시,서구,불로동,,1999,3,,3,,,
아파트,해병대,9여단,아산프라자,제주특별자치도,제주시,이도이동,,2005,10,,,,10,
아파트,해병대,연평부대,"연평 아파트(5,6,7동)",인천광역시,옹진군,연평면,연평리,2014,55,,55,,,
아파트,해병대,2사단,영진아파트,인천광역시,서구,마전동,,1998,2,,,,2,
아파트,해병대,포항지역부대,용덕마을(15동),경상북도,포항시 남구,오천읍,용덕리,1992,50,,50,,,
아파트,해병대,포항지역부대,"용덕마을(17, 18, 20동)",경상북도,포항시 남구,오천읍,용덕리,1994,150,,150,,,
아파트,해병대,포항지역부대,준양참마을,경상북도,포항시 남구,오천읍,문덕리,2001,22,,,,22,
아파트,해병대,사령부,청구 1차 아파트,경기도,수원시 권선구,오목천동,,2001,14,,,14,,
아파트,해병대,사령부,청구 2차 아파트,경기도,수원시 권선구,오목천동,,2002,12,,12,,,
아파트,해병대,포항지역부대,청림마을 5동,경상북도,포항시 남구,청림동,,1997,50,,50,,,
아파트,해병대,포항지역부대,청호하이츠,경상북도,포항시 남구,오천읍,문덕리,1999,9,,9,,,
아파트,해병대,연평부대,"충민 아파트(3,5동)",인천광역시,옹진군,연평면,연평리,2014,22,,22,,,
아파트,해병대,9여단,탐라빌,제주특별자치도,제주시,노형동,,2001,20,,20,,,
아파트,해병대,2사단,하나아파트,인천광역시,서구,금곡동,,1998,2,,1,,1,
아파트,해병대,2사단,현대아파트,경기도,김포시,통진읍,마송리,1997,22,,22,,,
아파트,해병대,9여단,마린빌 1차,제주특별자치도,제주시,,삼동길,2018,50,,42,4,4,
아파트,해병대,9여단,태흥누리안빌,제주특별자치도,제주시,연북로,,2016,10,,,10,,
아파트,해병대,9여단,다울빌리지,제주특별자치도,제주시,오동동,,2015,5,,5,,,
아파트,해병대,9여단,미다움,제주특별자치도,제주시,아라2동,,2016,8,,8,,,
아파트,해병대,사령부,"해병대아파트(1,5,6,7동)",경기도,화성시,봉담읍,,1994,108,,108,,,
아파트,해병대,6여단,달님마을 3동,인천광역시,옹진군,백령면,백령로,1997,40,,40,,,
아파트,해병대,6여단,달님마을 4동,인천광역시,옹진군,백령면,백령로,2003,20,,20,,,
아파트,해병대,6여단,달님마을 5동,인천광역시,옹진군,백령면,백령로,2003,24,,24,,,
아파트,해병대,6여단,달님마을 6동,인천광역시,옹진군,백령면,백령로,2014,16,,,16,,
아파트,해병대,6여단,달님마을 7동,인천광역시,옹진군,백령면,백령로,2014,24,,24,,,
아파트,해병대,6여단,햇님마을 1동,인천광역시,옹진군,백령면,백령남로,2003,16,,16,,,
아파트,해병대,6여단,햇님마을 2동,인천광역시,옹진군,백령면,백령남로,2003,16,,16,,,
아파트,해병대,6여단,햇님마을 3동,인천광역시,옹진군,백령면,백령로,1999,32,,32,,,
아파트,해병대,6여단,별님마을 1동,인천광역시,옹진군,대청면,대청로,2014,18,,18,,,
연립,국직,계룡대근무지원단,계룡대아파트 20평형(201 ~ 214동),충청남도,계룡시,신도안면,남선리,1991,324,,324,,,
연립,국직,계룡대근무지원단,"계룡대아파트 22평형(142 ~ 146, 215 ~ 219동)",충청남도,계룡시,신도안면,남선리,1993,328,,328,,,
아파트,국직,계룡대근무지원단,계룡대해미르아파트,충청남도,계룡시,신도안면,남선리,2015,1514,,,1514,,
아파트,국직,계룡대근무지원단,구봉마을7단지아파트,대전광역시,서구,관저동,,1999,82,,82,,,
아파트,국직,계룡대근무지원단,대동황토방아파트,충청남도,계룡시,엄사면,유동리,1999,67,,22,26,16,3
아파트,국직,계룡대근무지원단,두산신성아파트,충청남도,계룡시,엄사면,엄사리,1994,135,,13,122,,
아파트,국직,계룡대근무지원단,계룡포스코아파트,충청남도,계룡시,두마면,두계리,2009,22,,,,22,
아파트,국직,계룡대근무지원단,엄사동아아파트,충청남도,계룡시,엄사면,엄사리,1994,30,,30,,,
아파트,국직,계룡대근무지원단,품안마을아파트,충청남도,계룡시,신도안면,남선리,2012,425,,,425,,
연립,국직,자운대근무지원단,2단지아파트,대전광역시,유성구,추목동,,1995,966,,966,,,
아파트,국직,자운대근무지원단,구봉마을5단지아파트,대전광역시,서구,관저동,,2000,20,,,,20,
연립,국직,자운대근무지원단,연립관사A동,대전광역시,유성구,추목동,,2004,12,,,,,12
연립,국직,자운대근무지원단,연립관사B동,대전광역시,유성구,추목동,,1995,9,,,,,9
아파트,국직,자운대근무지원단,구봉마을8단지아파트,대전광역시,서구,관저동,,1999,38,,,38,,
연립,국직,자운대근무지원단,1단지아파트,대전광역시,유성구,추목동,,1992,220,,220,,,
연립,국직,자운대근무지원단,3단지아파트,대전광역시,유성구,신봉동,,1998,408,,408,,,
연립,국직,자운대근무지원단,5단지아파트,대전광역시,유성구,신봉동,,1998,88,,88,,,
연립,국직,자운대근무지원단,6단지아파트,대전광역시,유성구,신봉동,,2002,48,,48,,,
연립,국직,자운대근무지원단,7단지아파트,대전광역시,유성구,추목동,,2004,140,,,90,50,
연립,국직,자운대근무지원단,8단지아파트,대전광역시,유성구,추목동,,2004,188,,56,94,38,
아파트 ,국직,자운대근무지원단,9단지아파트,대전광역시,유성구,신봉동,,2013,200,,,120,80,
아파트,국직,자운대근무지원단,대자연아파트,대전광역시,유성구,관저동,,1998,1,,,,,1
아파트,국직,국방부근무지원단,용산푸르지오파크타운,서울시,용산구,동빙고동,,2011,215,,,52,163,
아파트,국직,국방부근무지원단,용산푸르지오파크타운,서울시,용산구,동빙고동,,2011,545,,,46,451,48
아파트,국직,국방부근무지원단,위례스타힐스,서울시,송파구,장지동,,2017,1493,,,702,733,58
아파트,국직,국방부근무지원단,신길동푸른숲마을,서울시,영등포구,신길동,,2002,400,,71,259,70,
아파트,국직,국방부근무지원단,사당동아파트,서울시,관악구,남현동,,1978,130,,130,,,
아파트,국직,국방대학교,아파트,충청남도,논산시,양촌면,황산벌로,2017,466, ,202,120,144,
연립,국직,국방대학교,국방대학교 연립관사,충청남도,논산시,양촌면,황산벌로,2017,2,,,,2,
아파트,국직,국군복지단,코오롱APT,서울특별시,용산구,이촌동,,1999,1,,,,1,
아파트,국직,국군복지단,주공5차APT,충청남도,보령시,명천동,,1998,2,,2,,,
아파트,국직,국군복지단,서귀포대오APT,제주시,서귀포시,동홍동,,1998,3,,,3,,
아파트,국직,국군수송사령부(수방사 통합관리),위례스타힐스아파트(2509동),서울특별시,송파구,장지동,,2017,5,,,5,,
아파트,국직,국군수송사령부(수방사 통합관리),위례스타힐스아파트(2503동),서울특별시,송파구,장지동,,2017,4,,,,4,
아파트,국직,국군수송사령부(수방사 통합관리),동작삼성래미안아파트,서울특별시,동작구,사당동,,2003,1,,,,,1
아파트,국직,국군수송사령부(수방사 통합관리),우정아파트 가동,경기도,성남시 수정구,심곡동,,1995,18,,18,,,
아파트,국직,국군수송사령부(수방사 통합관리),우정아파트 나동,경기도,성남시 수정구,심곡동,,2001,25,,25,,,
아파트,국직,국군수송사령부 항만운영단,오륙도아파트,부산광역시,남구,감만동,,2000,130,,78,26,26,
아파트,국직,국군수송사령부 항만운영단,남문 시티프라디움1차 ,경상남도,창원시 진해구,남문동,,2017,11,,,,11,
아파트,국직,국군체육부대 ,E-편한세상 상무 101동,경상북도,문경시,흥덕동,,2012,40,,,40,,
아파트,국직,국군체육부대 ,E-편한세상 상무 102동,경상북도,문경시,흥덕동,,2012,43,,,43,,
아파트,국직,합동군사대학교 국방어학원,두루말 어울림아파트 101동,경기도,이천시,장호원읍,이황리,2015,16,,,16,,
아파트,국직,합동군사대학교 국방어학원,두루말 어울림아파트 102동,경기도,이천시,장호원읍,이황리,2015,16,,,16,,
아파트,국직,합동군사대학교 국방어학원,두루말 어울림아파트 103동,경기도,이천시,장호원읍,이황리,2015,16,,16,,,
아파트,국직,합동군사대학교 국방어학원,두루말 어울림아파트 104동,경기도,이천시,장호원읍,이황리,2015,15,,15,,,
아파트,국직,합동군사대학교 국방어학원,두루말 어울림아파트 105동,경기도,이천시,장호원읍,이황리,2015,15,,15,,,
아파트,국직,합동군사대학교 국방어학원,두루말 어울림아파트 106동,경기도,이천시,장호원읍,이황리,2015,13,,13,,,
아파트,국직,합동군사대학교 국방어학원,두루말 어울림아파트 107동,경기도,이천시,장호원읍,이황리,2015,14,,,14,,
아파트,국직,합동군사대학교 국방어학원,두루말 어울림아파트 108동,경기도,이천시,장호원읍,이황리,2015,16,,,16,,
아파트,국직,합동군사대학교 국방어학원,두루말 어울림아파트 109동,경기도,이천시,장호원읍,이황리,2015,14,,,,14,
아파트,국직,합동군사대학교 국방어학원,두루말 어울림아파트 110동,경기도,이천시,장호원읍,이황리,2015,16,,,16,,
아파트,국직,합동군사대학교 국방어학원,두루말 어울림아파트 111동,경기도,이천시,장호원읍,이황리,2015,16,,,16,,
아파트,국직,합동군사대학교 국방어학원,두루말 어울림아파트 112동,경기도,이천시,장호원읍,이황리,2015,24,,24,,,
아파트,국직,국군고양병원,삼성아파트,경기도,고양시 덕양구,고양동,,1998,10,,,10,,
아파트,국직,국군고양병원,동익아파트,경기도,고양시 덕양구,고양동,,2004,12,,,4,8,
아파트,국직,국군강릉병원 ,한라3차 아파트 ,강원도,강릉시,노암동,,2000,5,,5,,,
아파트,국직,국군대구병원,국군대구병원 아파트,경상북도,경산시,하양읍,은호리,1994,63,23,40,,,
아파트,국직,국군양주병원,국군양주병원 아파트(봉우마을),경기도,양주시,덕정동,,2000,67,,67,,,
아파트,국직,국군양주병원,국군양주병원 아파트(청담마을),경기도,양주시,덕정동,,2001,3,,,3,,
아파트,국직,국군함평병원,국군함평병원 아파트,전라남도,함평군,해보면,해보리,2007,24,,16,8,,
아파트,국직,국군함평병원,대광로제비앙,광주광역시,광산구,우산동,,2007,11,,,,11,
아파트,국직,국군함평병원,대덕아파트,광주광역시,광산구,송정동,,1995,5,,5,,,
아파트,국직,국군의무지원근무단,롯데캐슬,경기도,성남시 중원구,중앙동,,2014,72,,,,72,
아파트,국직,국군함평병원,서경아파트,광주광역시,광산구,도산동,,1995,5,,5,,,
아파트,국직,국군서울지구병원,서울지구병원 아파트,서울특별시,성북구,성북동,,1981,28,,27,,,1
아파트,국직,국군홍천병원,메디힐아파트,강원도,홍천군,화촌면,성산리,1992,25,15,,10,,
아파트,국직,국군홍천병원,신아아파트(2차),강원도,홍천군,홍천읍,희망리,1999,10,,10,,,
아파트/연립,국직,국군의무지원근무단,율동아파트,경기도,성남시 분당구,율동,,1999,156,,156,,,
아파트,국직,국군의무지원근무단,푸르지오,경기도,성남시 수정구,단대동,,2014,3,,,,3,
연립,국직,국군화생방방호사령부,무지개아파트 101동 ,서울특별시,서초구,신흥말길,,1988,24,,24,,,
연립,국직,국군화생방방호사령부,무지개아파트 102동 ,서울특별시,서초구,신흥말길,,1988,12,,12,,,
연립,국직,국군화생방방호사령부,무지개아파트 103동 ,서울특별시,서초구,신흥말길,,1988,12,,12,,,
연립,국직,국군화생방방호사령부,무지개아파트 104동 ,서울특별시,서초구,신흥말길,,1988,18,,18,,,
연립,국직,국군화생방방호사령부,무지개아파트 105동 ,서울특별시,서초구,신흥말길,,1988,16,,,16,,
연립,국직,국군화생방방호사령부,불암아파트 3동,경기도 ,남양주시,별내동,,1982,11,,,11,,
아파트,국직,777사령부,소라아파트,경상북도,경산시,사동,,1989,100,,100,,,
아파트,국직,777사령부,럭키타운아파트,경기도,성남시 분당구,이매동,,2003,303,,,240,60,3
연립,국직,777사령부,럭키빌리지,경기도,성남시 분당구,이매동,,2002,25,,,25,, 
아파트,국직,777사령부,대명드림빌,강원도,속초시,영랑동,,2009,10,,,1,9,
연립,국직,777사령부,럭키맨션,강원도,고성군,토성면,용촌리,1981,18,,10,,8,
연립,국직,777사령부,울릉기지 연립관사,경상북도,울릉군,북면,천부리,2006,3,,3,,,
아파트,국직,777사령부,목련아파트,경기도,이천시,설성면,행죽리,1993,71,,66,,5,
연립,국직,777사령부,제주기지 연립관사,제주특별자치도,제주시,조천읍,함덕리,2005,3,,3,,,
연립,국직,777사령부,평택부대 연립관사(10호),경기도,평택시,팽성읍,객사리,1991,10,,6,,4,
연립,국직,777사령부,평택부대 연립관사(2호),경기도,평택시,팽성읍,객사리,1986,12,,12,,,
연립,국직,777사령부,화악산부대 연립관사(4호),경기도,가평군,북면,이곡리,1992,4,,4,,,
아파트,국직,군사안보지원사령부,안양행복마을아파트,경기도,안양시,비산동,,2016,106,,43,63,,
아파트,국직,군사안보지원사령부,서빙고대원아파트,서울특별시,용산구,서빙고동,,2003,63,,63,,,
아파트,국직,군사안보지원사령부,동작삼성래미안아파트,서울특별시,동작구,사당동,,2003,4,,,,3,1
아파트,국직,군사안보지원사령부,사당롯데캐슬아파트,서울특별시,동작구,사당동,,2004,2,,,2,,
아파트,국직,군사안보지원사령부,이촌강촌아파트,서울특별시,용산구,이촌동,,1998,1,,,,1,
아파트,국직,군사안보지원사령부,이촌동아그린아파트,서울특별시,용산구,이촌동,,1999,1,,,,1,
아파트,국직,군사안보지원사령부,문정올림픽훼밀리아파트,서울특별시,송파구,문정2동,,1988,1,,,,,1
아파트,국직,군사안보지원사령부,무악현대아파트,서울특별시,종로구,무악동,,1996,1,,,,1,
아파트,국직,군사안보지원사령부,풍경마을래미안 한강 2차아파트,경기도,김포시,운양동,,2014,5,,,5,,
아파트,국직,군사안보지원사령부,한강신도시롯데캐슬아파트,경기도,김포시,운양동,,2014,4,,,4,,
아파트,국직,군사안보지원사령부,영종주공스카이빌 10단지 아파트,인천광역시,중구,운서동,,2001,3,,3,,,
아파트,국직,군사안보지원사령부,영종주공스카이빌 12단지 아파트,인천광역시,중구,운서동,,2001,4,,4,,,
아파트,국직,정보사령부,석수 서조마을아파트,경기도,안양시,석수동,,2020,220,,168,52,,
아파트,국직,정보사령부,신림 로마아파트,서울특별시,관악구,신림동,,2003,4,,,4,,
아파트,국직,정보사령부,면목동 마젤란21아파트 101동,서울특별시,중량구,면목동,,2007,2,,,2,,
아파트,국직,정보사령부,면목동 마젤란21아파트 102동,서울특별시,중량구,면목동,,2007,2,,,,2,
아파트,국직,정보사령부,YM프라젠,서울특별시,성동구,용답동,,2007,2,,2,,,
아파트,국직,정보사령부,YM프라젠,서울특별시,성동구,용답동,,2007,3,,,,3,
아파트,국직,정보사령부,대방아파트,서울특별시,영등포구,대방동,,1996,20,,20,,,
연립,국직,정보사령부,대방 아트빌라,서울특별시,영등포구,대방동,,1982,1,,,,1,
아파트,국직,정보사령부,경남 아너스빌,경기도,안양시,안양동,,2001,9,,9,,,
아파트,국직,정보사령부,영종 주공아파트 1001동,인천광역시,중구,운서동,,2006,1,,1,,,
아파트,국직,정보사령부,영종 주공아파트 1002동,인천광역시,중구,운서동,,2006,1,,1,,,
아파트,국직,정보사령부,용인 임원마을 104동,경기도,용인시,고림동,,2002,4,,,4,,
아파트,국직,정보사령부,제주 용담 월드,제주도,제주시,용담일동,,2007,1,,,1,,
아파트,국직,정보사령부,제주 아산프라자,제주도,제주시,연동,,2005,1,,,1,,
아파트,국직,정보사 특수교육단,백산주택,서울특별시,강북구,우이동,,1992,12,,12,,,
아파트,국직,정보사 921부대,명지아파트,강원도,속초시,교동,,2006,22,,,,22,
아파트,국직,정보사 921부대,늘푸른아파트,강원도,속초시,교동,,2000,24,,24,,,
아파트,국직,정보사 921부대,성호아파트,강원도,속초시,조양동,,2001,4,,4,,,
아파트,국직,정보사 923부대,서광아파트,경상남도,창원시,봉암동,,2000,10,,10,,,
아파트,국직,정보사 923부대,시인의마을,경상남도,창원시,태백동,,2001,12,,12,,,
아파트,국직,정보사 922부대,진흥 W-park 아파트 102동,충청남도,태안군,,남문리,2000,10,,10,,,
아파트,국직,정보사 922부대,진흥 W-park 아파트 103동,충청남도,태안군,,남문리,2000,15,,,,15,
아파트,국직,정보사 922부대,진흥 W-park 아파트 104동,충청남도,태안군,,남문리,2000,10,,10,,,
아파트,국직,정보사 922부대,진흥 W-park 아파트 105동,충청남도,태안군,,남문리,2000,3,,,,3,
연립,국직,정보사 922부대,삼광빌라 101동,충청남도,태안군,,상옥리,2000,9,,9,,,
아파트,국직,정보사 900여단,그린팰리스,경기도,성남시 중원구,성남동,,2016,69,,,,69,
아파트,국직,정보사 900여단,안락뜨란채1단지 아파트 101동,부산광역시,동래구,안락동,,2005,1,,,1,,
아파트,국직,정보사 900여단,안락뜨란채1단지 아파트 104동,부산광역시,동래구,안락동,,2005,2,,,2,,
아파트,국직,정보사 900여단,강변뜨란채 아파트 108동,부산광역시,동래구,안락동,,2006,1,,,1,,
